Subgroup,Outcome,Model,Type,lag0,lag1,lag2,lag3,lag4,lag5,lag6,lag7
Age,GDM,GLM,matRRfit,0.772871562,1.053531408,0.973099477,1.054597039,1.014659811,1.004055241,0.868655526,1.008881402
Age,GDM,GLM,matRRlow,0.692156632,0.934659946,0.866588038,0.942222844,0.907115891,0.895054424,0.76938076,0.907144739
Age,GDM,GLM,matRRhigh,0.862998958,1.187521122,1.092702128,1.180373542,1.134953696,1.12633031,0.980739917,1.122027875
Age,PTB,GLM,matRRfit,1.048222615,0.963609703,0.995824219,0.933778178,1.087976303,0.902591269,1.079485673,1.03480171
Age,PTB,GLM,matRRlow,0.937713059,0.848452627,0.88165068,0.82869284,0.967376686,0.799608859,0.952702115,0.927307394
Age,PTB,GLM,matRRhigh,1.171755731,1.094396587,1.124783203,1.052189236,1.22361067,1.018836886,1.223141316,1.154756865
Age,HDP,GLM,matRRfit,0.927405569,1.121266268,0.816881813,1.066091626,0.988187908,1.063857106,1.007553402,0.950334846
Age,HDP,GLM,matRRlow,0.827324117,0.986670395,0.72056332,0.945805359,0.876901958,0.941923445,0.887805635,0.849281832
Age,HDP,GLM,matRRhigh,1.039593881,1.274222931,0.926075305,1.201675739,1.113596944,1.201575296,1.143452821,1.063411797
Age,SMI,GLM,matRRfit,0.766255637,3.482968874,0.553521756,0.576616052,2.259247529,0.949129658,0.236284482,3.059418998
Age,SMI,GLM,matRRlow,0.631720396,2.839680936,0.437864308,0.452309917,1.823719256,0.751935124,0.179442804,2.527521002
Age,SMI,GLM,matRRhigh,0.929442369,4.27198423,0.699728953,0.735084636,2.798785712,1.19803834,0.311131765,3.703250971
Age,PMAD,GLM,matRRfit,1.007402483,1.040691572,1.035123208,0.785606325,1.224590716,0.8115613,1.050741416,1.001854808
Age,PMAD,GLM,matRRlow,0.876338332,0.887980413,0.887758151,0.674217907,1.056279702,0.694409724,0.895183781,0.870143116
Age,PMAD,GLM,matRRhigh,1.158068439,1.219665358,1.2069504,0.915397368,1.41972095,0.948477132,1.23333057,1.153503416
Age,MDP,GLM,matRRfit,0.93997725,1.101250576,1.058983336,0.787137346,1.322026697,0.809632447,1.013058876,1.014796562
Age,MDP,GLM,matRRlow,0.832388743,0.960771276,0.927755113,0.690004692,1.164573739,0.707669754,0.881153772,0.897844368
Age,MDP,GLM,matRRhigh,1.061471862,1.262270076,1.208773406,0.897943461,1.500767644,0.926286161,1.164709632,1.146982817
Age,SUB,GLM,matRRfit,0.707128764,1.227331023,1.087144682,0.889973117,1.02504792,0.916036459,1.05240392,1.110435274
Age,SUB,GLM,matRRlow,0.607632985,1.044552889,0.927925596,0.760465886,0.878267507,0.781134234,0.893740223,0.96373588
Age,SUB,GLM,matRRhigh,0.822916303,1.442092071,1.27368354,1.041535412,1.196359002,1.074236357,1.239234827,1.279465176
Age,SMM,GLM,matRRfit,1.406711141,0.706967723,0.888837162,1.218707634,1.294846429,0.745686626,1.214959032,1.219668672
Age,SMM,GLM,matRRlow,1.184759854,0.57670421,0.737335374,1.017557911,1.082800176,0.618596841,1.002474907,1.033193893
Age,SMM,GLM,matRRhigh,1.670242478,0.866654608,1.071468327,1.459620412,1.548417991,0.898886815,1.472481195,1.43979913
Black,GDM,GLM,matRRfit,1.013781364,1.017971478,1.083331921,0.920606392,0.991261914,0.993304056,0.936217251,1.081296296
Black,GDM,GLM,matRRlow,0.915080672,0.906122314,0.969033257,0.824097381,0.88813702,0.888077209,0.832923608,0.976773495
Black,GDM,GLM,matRRhigh,1.123127923,1.143626985,1.211112252,1.028417453,1.106361024,1.110999064,1.052320684,1.197003895
Black,PTB,GLM,matRRfit,1.013256112,1.055436761,1.034896455,0.890850035,0.988828349,1.024598,0.98758649,1.056443906
Black,PTB,GLM,matRRlow,0.936010145,0.964755204,0.949043562,0.81740393,0.907978536,0.939613433,0.902710604,0.976798629
Black,PTB,GLM,matRRhigh,1.096876944,1.154641874,1.128515819,0.970895485,1.076877332,1.117269108,1.080442694,1.142583223
Black,HDP,GLM,matRRfit,1.091187614,1.023460148,0.995307793,0.969489192,1.051586175,0.897955087,1.01895297,0.994162152
Black,HDP,GLM,matRRlow,1.009270302,0.935764366,0.912512203,0.889801261,0.965375143,0.822160119,0.930543722,0.917483185
Black,HDP,GLM,matRRhigh,1.179753736,1.119374399,1.08561573,1.056313735,1.145496122,0.980737595,1.115761818,1.07724959
Black,SMI,GLM,matRRfit,1.316379825,0.892742728,0.954475958,1.371390964,0.803528817,0.889657795,0.855196125,0.935269537
Black,SMI,GLM,matRRlow,1.100313956,0.72184908,0.781788903,1.133536851,0.657397013,0.721912862,0.686090643,0.767413303
Black,SMI,GLM,matRRhigh,1.574874003,1.104094471,1.165307348,1.659154861,0.982144041,1.096380233,1.065982199,1.139840948
Black,PMAD,GLM,matRRfit,0.994481158,0.97101669,1.018867393,1.016078463,1.092895918,0.814925392,1.014874083,1.017432884
Black,PMAD,GLM,matRRlow,0.874126041,0.83885238,0.885353359,0.88476525,0.952102495,0.705685864,0.875592729,0.894013564
Black,PMAD,GLM,matRRhigh,1.131407517,1.124003978,1.172515758,1.166880643,1.254509355,0.941075098,1.176311053,1.157890345
Black,MDP,GLM,matRRfit,0.971803334,0.940737281,1.078628053,1.045726894,0.92060741,0.910976541,1.020621811,0.952701384
Black,MDP,GLM,matRRlow,0.877647773,0.838248565,0.966287324,0.93774052,0.824359159,0.813620056,0.908754523,0.85989986
Black,MDP,GLM,matRRhigh,1.076060066,1.055756812,1.204029535,1.166148538,1.028093148,1.019982549,1.146259915,1.055518169
Black,SUB,GLM,matRRfit,1.042618579,1.064700158,1.070595391,0.965352242,0.969297707,1.038063843,0.873623606,1.047236502
Black,SUB,GLM,matRRlow,0.957943217,0.967116141,0.976072903,0.880516701,0.88376154,0.944942295,0.791074882,0.959904892
Black,SUB,GLM,matRRhigh,1.134778641,1.172130604,1.174271396,1.058361472,1.063112619,1.140362273,0.964786297,1.142513493
Black,SMM,GLM,matRRfit,0.98288404,1.011952546,1.10858011,1.033705245,0.825041514,1.005442367,1.154639398,1.040693356
Black,SMM,GLM,matRRlow,0.85559617,0.865834724,0.953529434,0.889338898,0.708046521,0.862610145,0.988230318,0.908418243
Black,SMM,GLM,matRRhigh,1.12910865,1.182729137,1.28884313,1.201506575,0.961368329,1.171924953,1.349070267,1.192229096
Hispanic,GDM,GLM,matRRfit,0.968291267,1.008430463,0.928724626,0.995708389,0.954943992,1.046321673,1.006053661,0.884072826
Hispanic,GDM,GLM,matRRlow,0.865635668,0.888172889,0.82168446,0.883823821,0.84744545,0.926893262,0.886318197,0.789408939
Hispanic,GDM,GLM,matRRhigh,1.083120776,1.144970772,1.049708829,1.12175659,1.076078734,1.181138204,1.14196456,0.990088563
Hispanic,PTB,GLM,matRRfit,1.051362647,0.917206603,1.132457494,0.894872645,1.010868141,1.046018919,1.041803065,0.952662548
Hispanic,PTB,GLM,matRRlow,0.935949177,0.803155524,0.998730145,0.790049228,0.893675673,0.922492966,0.913577338,0.848011306
Hispanic,PTB,GLM,matRRhigh,1.181007947,1.047453361,1.284090584,1.013603991,1.143428685,1.186085551,1.188025995,1.070228574
Hispanic,HDP,GLM,matRRfit,1.038688346,0.961254376,1.135082393,1.055205148,0.772471653,1.24312546,1.024106214,0.961504006
Hispanic,HDP,GLM,matRRlow,0.926161341,0.843467466,1.0027741,0.934463249,0.682474717,1.099021023,0.899171318,0.856586427
Hispanic,HDP,GLM,matRRhigh,1.164887187,1.095489764,1.284847744,1.191548096,0.874336352,1.406124975,1.166400125,1.079272242
Hispanic,SMI,GLM,matRRfit,2.06E-06,5.930609477,0.083308095,2.126843551,4.932355139,0.493888831,1.867895253,1.171568286
Hispanic,SMI,GLM,matRRlow,0,3.072484,0.049252032,1.614393689,3.683760583,0.357151445,1.290275238,0.862628852
Hispanic,SMI,GLM,matRRhigh,Inf,11.4474571,0.140912738,2.80195811,6.604155364,0.682976873,2.704099539,1.591150408
Hispanic,PMAD,GLM,matRRfit,1.583167412,0.745969815,1.151735882,0.96780203,1.117226822,0.945301056,1.040544695,1.120140951
Hispanic,PMAD,GLM,matRRlow,1.344306128,0.612037969,0.956946719,0.806260023,0.930955106,0.782840146,0.853876601,0.941813077
Hispanic,PMAD,GLM,matRRhigh,1.864470454,0.909209874,1.38617492,1.161710544,1.340769028,1.141477082,1.268020766,1.332234368
Hispanic,MDP,GLM,matRRfit,1.172269644,0.921203359,1.084387531,0.921617254,1.18593311,0.701269704,1.406461369,0.854043591
Hispanic,MDP,GLM,matRRlow,1.008355918,0.772723366,0.916142053,0.780847242,1.006507567,0.588899181,1.180469241,0.728626635
Hispanic,MDP,GLM,matRRhigh,1.362828435,1.098214013,1.283530555,1.08776508,1.397344031,0.835082156,1.675718023,1.001048302
Hispanic,SUB,GLM,matRRfit,1.512177457,0.928749493,1.021789532,0.980098798,0.6608213,1.85481356,0.650575513,1.337837342
Hispanic,SUB,GLM,matRRlow,1.263744356,0.749652662,0.834829411,0.801450922,0.538491326,1.525189411,0.523307709,1.111403885
Hispanic,SUB,GLM,matRRhigh,1.809448761,1.150633705,1.250619389,1.19856828,0.810941179,2.255676125,0.808794693,1.610403542
Hispanic,SMM,GLM,matRRfit,0.878323669,1.131386235,1.055314487,1.413858809,0.598495236,1.303922553,0.934826608,1.223353162
Hispanic,SMM,GLM,matRRlow,0.732773775,0.92589815,0.868152622,1.170974444,0.490483805,1.0718551,0.759178574,1.023868904
Hispanic,SMM,GLM,matRRhigh,1.052783948,1.38247907,1.282825899,1.707122426,0.730292302,1.586234952,1.151113607,1.461703693
White,GDM,GLM,matRRfit,0.926359748,1.09467999,0.935785717,1.040774818,0.941079252,1.006045412,1.057974089,0.925001211
White,GDM,GLM,matRRlow,0.846563864,0.989735935,0.848282009,0.945830186,0.854672616,0.912431841,0.957053358,0.845854331
White,GDM,GLM,matRRhigh,1.013677076,1.210751513,1.032315786,1.145250214,1.036221521,1.109263537,1.169536853,1.011553893
White,PTB,GLM,matRRfit,0.995327529,1.018471966,1.065282931,0.94805023,0.992786471,0.947196277,1.176645225,0.896881288
White,PTB,GLM,matRRlow,0.917077747,0.928339922,0.9744919,0.868071409,0.909210079,0.865825175,1.073620217,0.826131166
White,PTB,GLM,matRRhigh,1.080253984,1.117354885,1.16453274,1.035397813,1.08404537,1.036214714,1.289556551,0.973690471
White,HDP,GLM,matRRfit,1.006919658,1.044432262,0.975859093,1.018134115,0.986275475,0.970785082,0.966788024,1.061737237
White,HDP,GLM,matRRlow,0.934940738,0.960151236,0.899538151,0.939938629,0.910228656,0.894420785,0.88799055,0.985920139
White,HDP,GLM,matRRhigh,1.084440067,1.136111385,1.058655453,1.10283485,1.068675774,1.053669246,1.052577737,1.143384657
White,SMI,GLM,matRRfit,1.351918146,0.493487214,1.505189869,0.856875723,0.686294266,1.053714367,0.590607353,1.03887784
White,SMI,GLM,matRRlow,1.102687041,0.382414024,1.202415594,0.678148051,0.536602119,0.825863156,0.450443302,0.830874171
White,SMI,GLM,matRRhigh,1.657480869,0.636821912,1.884204225,1.082707535,0.877744986,1.344428505,0.77438613,1.298953806
White,PMAD,GLM,matRRfit,0.978339255,1.095130963,1.052523936,0.925205119,1.039887416,0.945094932,1.015130994,1.010901314
White,PMAD,GLM,matRRlow,0.898587156,0.994723163,0.958689038,0.843180517,0.947908745,0.85925719,0.920037355,0.927369949
White,PMAD,GLM,matRRhigh,1.065169573,1.205673971,1.155543239,1.015209074,1.140791078,1.039507659,1.120053365,1.101956633
White,MDP,GLM,matRRfit,1.018870672,1.016093396,1.053981663,0.926689985,1.026351645,0.974269258,1.019575532,0.994796707
White,MDP,GLM,matRRlow,0.945818789,0.93358638,0.971434166,0.854647957,0.946827206,0.897093141,0.936218311,0.922899809
White,MDP,GLM,matRRhigh,1.09756484,1.105892086,1.143543623,1.004804752,1.112555377,1.058084768,1.110354553,1.072294608
White,SUB,GLM,matRRfit,0.953410728,1.059288919,1.011992435,0.928026726,1.032841738,0.973011732,1.005300121,0.985787626
White,SUB,GLM,matRRlow,0.880150128,0.968361318,0.927837061,0.851579018,0.948410787,0.891906234,0.918779838,0.910605747
White,SUB,GLM,matRRhigh,1.032769284,1.158754478,1.103780752,1.011337275,1.124789036,1.06149256,1.099967905,1.067176707
White,SMM,GLM,matRRfit,0.974690713,1.209047487,1.046696272,0.878375264,1.003827291,1.139207931,1.028015921,0.967042254
White,SMM,GLM,matRRlow,0.838844481,1.021132261,0.886792441,0.744453577,0.851505659,0.965151855,0.866199895,0.830691883
White,SMM,GLM,matRRhigh,1.132536494,1.431544064,1.235433496,1.03638847,1.183396985,1.344653386,1.220061029,1.125773275
Other,GDM,GLM,matRRfit,0.998529913,0.822852136,1.120187181,1.064072337,1.050900051,0.98228117,0.915567179,0.997610421
Other,GDM,GLM,matRRlow,0.915383285,0.745863443,1.022166217,0.971896897,0.959782375,0.895126918,0.829830146,0.914710042
Other,GDM,GLM,matRRhigh,1.089228963,0.907787671,1.227607897,1.164989765,1.150668055,1.077921217,1.010162456,1.08802408
Other,PTB,GLM,matRRfit,0.972046552,0.915465153,1.102403872,0.932176272,1.045650395,1.033089103,0.994801699,0.976816371
Other,PTB,GLM,matRRlow,0.890906411,0.829963482,1.00484142,0.850312748,0.954625919,0.94144761,0.902546987,0.896304218
Other,PTB,GLM,matRRhigh,1.060576607,1.009775085,1.209438895,1.021921175,1.145354141,1.133651075,1.096486315,1.064560674
Other,HDP,GLM,matRRfit,0.926609092,1.069496564,1.037099752,0.950247617,1.041967086,1.068878963,0.919099744,1.010586576
Other,HDP,GLM,matRRlow,0.859247112,0.983013269,0.955985647,0.876967293,0.962056596,0.985230417,0.843456771,0.936985061
Other,HDP,GLM,matRRhigh,0.999252016,1.163588465,1.125096281,1.029651323,1.128515114,1.159629482,1.001526537,1.089969595
Other,SMI,GLM,matRRfit,1.049887469,0.649467502,0.297087963,2.961790749,1.257191654,0.439872512,1.128312298,2.577447077
Other,SMI,GLM,matRRlow,0.818561642,0.484389524,0.23194471,2.452958261,1.011448912,0.351522088,0.911678521,2.162748705
Other,SMI,GLM,matRRhigh,1.346586062,0.870803382,0.380527142,3.576173546,1.562640324,0.550428645,1.396422765,3.071662196
Other,PMAD,GLM,matRRfit,0.925181375,1.204455556,0.981484651,0.988856258,0.971732004,1.048106046,0.955374566,0.962039579
Other,PMAD,GLM,matRRlow,0.839430298,1.079529388,0.881337534,0.889659859,0.873299315,0.93961742,0.852102396,0.869394823
Other,PMAD,GLM,matRRhigh,1.019692259,1.343838531,1.093011568,1.099112981,1.081259393,1.169120816,1.071163003,1.064556778
Other,MDP,GLM,matRRfit,0.953206737,1.206907663,0.892338478,1.04081446,0.998391731,1.02756445,0.961949188,0.982096483
Other,MDP,GLM,matRRlow,0.874596258,1.095231366,0.811009556,0.948607956,0.909202975,0.933622125,0.87011769,0.898713994
Other,MDP,GLM,matRRhigh,1.038882884,1.329971139,0.981823152,1.141983612,1.096329507,1.13095938,1.063472507,1.073215182
Other,SUB,GLM,matRRfit,0.832627592,1.047206317,1.012590652,1.302278901,0.88033767,1.056109,0.930809175,1.018906281
Other,SUB,GLM,matRRlow,0.729538255,0.906415744,0.881727667,1.138679103,0.76689625,0.917739258,0.802613393,0.89415179
Other,SUB,GLM,matRRhigh,0.950284241,1.209865427,1.162875871,1.48938391,1.010559658,1.215341079,1.079480765,1.161066859
Other,SMM,GLM,matRRfit,0.739427967,1.130892957,1.076550453,1.078894828,0.862819614,1.061817432,1.121526177,0.955256088
Other,SMM,GLM,matRRlow,0.63097738,0.954937601,0.91281033,0.916741615,0.731669762,0.899077844,0.945184662,0.820971611
Other,SMM,GLM,matRRhigh,0.86651873,1.339269581,1.269662316,1.269729693,1.017477728,1.254014062,1.330767431,1.111505175
Medicaid,GDM,GLM,matRRfit,0.976740084,1.063416118,0.965543373,0.985136739,1.085964936,0.902725241,0.960933788,1.045612222
Medicaid,GDM,GLM,matRRlow,0.893146841,0.961516438,0.875992244,0.895423748,0.987853249,0.818823319,0.868231688,0.956804933
Medicaid,GDM,GLM,matRRhigh,1.068157158,1.176114932,1.064249155,1.083838122,1.193820887,0.995224296,1.063533798,1.142662294
Medicaid,PTB,GLM,matRRfit,0.973047737,0.998724947,0.988986191,1.02691151,1.009963528,0.952318215,1.108793623,0.910667911
Medicaid,PTB,GLM,matRRlow,0.898605616,0.91323095,0.907705758,0.944240369,0.928618486,0.874075248,1.015248108,0.84163056
Medicaid,PTB,GLM,matRRhigh,1.053656778,1.09222264,1.077544874,1.116820763,1.098434227,1.037565111,1.210958473,0.985368264
Medicaid,HDP,GLM,matRRfit,0.974281339,1.013100359,1.035047062,0.97988094,1.009214492,0.927906076,1.070507226,0.979649179
Medicaid,HDP,GLM,matRRlow,0.901025335,0.927742368,0.951087628,0.901419044,0.928605121,0.852180035,0.980971679,0.906798423
Medicaid,HDP,GLM,matRRhigh,1.05349327,1.10631181,1.126418207,1.065172368,1.096821314,1.010361252,1.168214889,1.058352649
Medicaid,SMI,GLM,matRRfit,0.747088671,0.900960911,0.847461803,1.129174688,1.282672402,1.136323423,1.215560493,0.56311649
Medicaid,SMI,GLM,matRRlow,0.60602733,0.721011273,0.687995827,0.927672003,1.055927719,0.934856112,0.998581368,0.463660475
Medicaid,SMI,GLM,matRRhigh,0.920984013,1.125822289,1.043889336,1.374446433,1.558107113,1.381208194,1.479686442,0.683906002
Medicaid,PMAD,GLM,matRRfit,0.960132107,1.046368988,0.971336531,1.06275512,0.985485993,0.940828547,1.026875339,0.982181665
Medicaid,PMAD,GLM,matRRlow,0.864990289,0.930330436,0.86675417,0.950633659,0.880978675,0.839147607,0.912702956,0.885168926
Medicaid,PMAD,GLM,matRRhigh,1.065738743,1.176880834,1.088537778,1.188100625,1.102390636,1.054830339,1.155329842,1.089826807
Medicaid,MDP,GLM,matRRfit,0.958718245,1.026680355,0.989689245,0.98918016,1.045774573,0.96283079,0.963530473,1.000295456
Medicaid,MDP,GLM,matRRlow,0.879515266,0.931629127,0.901116094,0.902014973,0.95399554,0.876640891,0.873978761,0.918160794
Medicaid,MDP,GLM,matRRhigh,1.045053689,1.131429365,1.086968492,1.084768455,1.146383197,1.057494737,1.062258049,1.089777527
Medicaid,SUB,GLM,matRRfit,0.943176321,1.039117352,1.045870196,1.000701028,0.993386195,0.950105751,1.048041288,1.014856864
Medicaid,SUB,GLM,matRRlow,0.875091389,0.955763928,0.965091939,0.924378426,0.91765417,0.876306592,0.964112984,0.942884206
Medicaid,SUB,GLM,matRRhigh,1.01655848,1.129740138,1.133409598,1.083325312,1.075368222,1.03011999,1.139275749,1.092323371
Medicaid,SMM,GLM,matRRfit,1.144581152,0.761713762,1.094945586,0.938392421,1.15885089,0.987851743,1.054873468,1.016246125
Medicaid,SMM,GLM,matRRlow,0.988901021,0.643624232,0.936527004,0.803596903,0.995489709,0.845879599,0.898470957,0.882606391
Medicaid,SMM,GLM,matRRhigh,1.324769604,0.901469873,1.280161524,1.095798568,1.349019857,1.153652442,1.238501951,1.170120902
Commercial,GDM,GLM,matRRfit,1.001297055,0.871724268,1.088262,0.987873573,0.908776095,1.075939222,0.91702236,1.013598951
Commercial,GDM,GLM,matRRlow,0.916663679,0.788600717,0.990757493,0.900390331,0.827848636,0.97932212,0.83052542,0.92941547
Commercial,GDM,GLM,matRRhigh,1.093744428,0.963609571,1.195362327,1.083856816,0.997614727,1.18208829,1.012527719,1.105407501
Commercial,PTB,GLM,matRRfit,1.06566196,0.908286796,1.10615955,0.949249138,0.977404324,1.055107613,1.025274679,0.966723218
Commercial,PTB,GLM,matRRlow,0.978738801,0.824403689,1.009737747,0.86722823,0.893025437,0.962705862,0.931779364,0.888186888
Commercial,PTB,GLM,matRRhigh,1.160304887,1.000705012,1.211788857,1.039027437,1.06975588,1.156378204,1.128151372,1.052203982
Commercial,HDP,GLM,matRRfit,0.991824886,0.990970691,1.077393466,1.020528764,0.881921115,1.082407382,0.976455685,1.01751414
Commercial,HDP,GLM,matRRlow,0.919282677,0.909554189,0.992851516,0.941663503,0.813006028,0.996853717,0.89583031,0.943362886
Commercial,HDP,GLM,matRRhigh,1.070091527,1.079674991,1.169134217,1.10599907,0.956677842,1.175303579,1.064337403,1.097493913
Commercial,SMI,GLM,matRRfit,0.288611812,2.754762417,0.861668575,0.551341524,0.604815395,1.826225141,1.085785156,0.222850213
Commercial,SMI,GLM,matRRlow,0.230616012,2.277250892,0.683270582,0.428797611,0.470678963,1.455111671,0.850984466,0.165167691
Commercial,SMI,GLM,matRRhigh,0.361192517,3.332402239,1.086645251,0.708906644,0.777178696,2.291987848,1.385371241,0.300677556
Commercial,PMAD,GLM,matRRfit,1.007876698,1.066875792,1.004586038,1.064279817,0.926652621,0.971437608,0.951679267,1.071407351
Commercial,PMAD,GLM,matRRlow,0.91349436,0.954089984,0.901508497,0.957241321,0.832103914,0.869760729,0.847656586,0.968991702
Commercial,PMAD,GLM,matRRhigh,1.11201063,1.192994346,1.119449359,1.183287332,1.031944527,1.085000729,1.068467398,1.184647618
Commercial,MDP,GLM,matRRfit,1.018568834,1.06016273,0.96823539,1.081794101,0.936955813,1.00900185,0.963164902,1.085327985
Commercial,MDP,GLM,matRRlow,0.9336621,0.960438965,0.880164112,0.985892638,0.85291982,0.916622066,0.871101136,0.994576251
Commercial,MDP,GLM,matRRhigh,1.111196942,1.170240958,1.065119287,1.187024259,1.029271657,1.110691931,1.064958578,1.184360509
Commercial,SUB,GLM,matRRfit,1.207641602,0.899164266,1.079879288,1.04822832,0.787502642,1.075512474,1.035625386,1.174254497
Commercial,SUB,GLM,matRRlow,1.063325474,0.775626707,0.939187012,0.913146884,0.684409123,0.935237633,0.895402987,1.035591176
Commercial,SUB,GLM,matRRhigh,1.371544531,1.042378209,1.241647575,1.203292297,0.906125285,1.23682692,1.197806971,1.331484523
Commercial,SMM,GLM,matRRfit,1.044385654,0.803706213,1.407248944,0.85890161,1.03001369,1.019261722,1.234279793,0.920538271
Commercial,SMM,GLM,matRRlow,0.894432392,0.675197784,1.198485449,0.729250469,0.876150273,0.864382093,1.04277705,0.792018793
Commercial,SMM,GLM,matRRhigh,1.21947886,0.956673277,1.652376833,1.011603019,1.210897529,1.20189262,1.460951416,1.069912375
Region: Coastal,GDM,GLM,matRRfit,0.988340815,1.041935511,0.922236306,1.105204411,1.014698098,0.914716411,0.912467216,0.959280031
Region: Coastal,GDM,GLM,matRRlow,0.86496693,0.89592037,0.79494679,0.954878449,0.87430522,0.785165017,0.779039033,0.833574229
Region: Coastal,GDM,GLM,matRRhigh,1.129312038,1.211747879,1.069907841,1.279196103,1.177634775,1.065643647,1.068748015,1.103942691
Region: Coastal,PTB,GLM,matRRfit,1.104742372,0.944825794,0.968106139,1.01493396,1.079275723,0.880550851,0.996455803,0.997370429
Region: Coastal,PTB,GLM,matRRlow,0.991116125,0.83436288,0.858032623,0.900470771,0.957232534,0.778054856,0.877684653,0.891282219
Region: Coastal,PTB,GLM,matRRhigh,1.231395269,1.069913107,1.092300538,1.143947118,1.216878914,0.996549017,1.131299452,1.116086187
Region: Coastal,HDP,GLM,matRRfit,1.056594487,0.948852975,1.122472053,0.971381387,0.871005687,1.123842582,0.92762071,1.028241677
Region: Coastal,HDP,GLM,matRRlow,0.952065872,0.842589709,1.000814059,0.864807682,0.7735019,0.998781665,0.820879499,0.923584258
Region: Coastal,HDP,GLM,matRRhigh,1.172599443,1.068517642,1.258918676,1.091088595,0.980800314,1.264562811,1.048241772,1.144758517
Region: Coastal,SMI,GLM,matRRfit,0.879750482,1.682598878,0.487794454,1.190551854,1.917258677,0.459746809,1.727309927,0.461285211
Region: Coastal,SMI,GLM,matRRlow,0.666645991,1.236410237,0.348621295,0.870560704,1.426250317,0.329819729,1.271845898,0.33402711
Region: Coastal,SMI,GLM,matRRhigh,1.160977372,2.289805519,0.68252695,1.628161841,2.577304131,0.640856534,2.345881359,0.637026277
Region: Coastal,PMAD,GLM,matRRfit,0.909664942,1.089406639,0.911904235,1.125621902,0.930984371,1.002399544,0.977200808,0.960442462
Region: Coastal,PMAD,GLM,matRRlow,0.786286102,0.92548716,0.775853144,0.960805244,0.791236514,0.850204831,0.825119607,0.826935573
Region: Coastal,PMAD,GLM,matRRhigh,1.052403578,1.28235904,1.071812805,1.318711232,1.095414436,1.181838551,1.157312722,1.115503738
Region: Coastal,MDP,GLM,matRRfit,0.952852706,1.088169086,0.934984499,1.010859487,1.050877104,0.909830564,1.087067915,0.852776183
Region: Coastal,MDP,GLM,matRRlow,0.842602301,0.947313687,0.814791306,0.881899824,0.91588323,0.790134573,0.94289283,0.749850971
Region: Coastal,MDP,GLM,matRRhigh,1.07752884,1.249968176,1.07290788,1.158676842,1.205767999,1.047659074,1.253288405,0.969829001
Region: Coastal,SUB,GLM,matRRfit,1.051018772,0.991694381,0.970205123,1.044208103,1.012226508,0.952505666,0.990287593,1.05042415
Region: Coastal,SUB,GLM,matRRlow,0.938272371,0.872200011,0.855962091,0.922295149,0.892891528,0.838257017,0.868354063,0.935761059
Region: Coastal,SUB,GLM,matRRhigh,1.177313212,1.127559885,1.099695876,1.182236038,1.147510611,1.082325617,1.129342925,1.179137434
Region: Coastal,SMM,GLM,matRRfit,1.129701024,0.929563392,0.934376876,1.072445834,1.039277845,0.823347659,1.118621174,1.046734804
Region: Coastal,SMM,GLM,matRRlow,0.933145426,0.746801512,0.755783439,0.869919668,0.840534933,0.661588356,0.899931472,0.863371136
Region: Coastal,SMM,GLM,matRRhigh,1.367658639,1.157051889,1.15517237,1.322122156,1.285013147,1.024657345,1.390454018,1.269041439
Region: Western,GDM,GLM,matRRfit,1.111337445,0.965947148,1.074245097,1.085436495,1.074772878,0.946211289,1.102976151,1.007396065
Region: Western,GDM,GLM,matRRlow,0.934427868,0.791998134,0.890041197,0.901651135,0.893706435,0.784251728,0.909990836,0.84861178
Region: Western,GDM,GLM,matRRhigh,1.321740243,1.178101125,1.296572038,1.306683193,1.29252369,1.141617891,1.336888615,1.195890577
Region: Western,PTB,GLM,matRRfit,0.936738773,1.095644651,0.886495884,1.109847288,1.207928593,0.905571043,1.026183798,0.986030148
Region: Western,PTB,GLM,matRRlow,0.794529137,0.912483019,0.742562081,0.935229213,1.020564708,0.761691663,0.858339947,0.841062729
Region: Western,PTB,GLM,matRRhigh,1.104401951,1.315572101,1.058328957,1.317068571,1.429690322,1.07662845,1.226848628,1.155984469
Region: Western,HDP,GLM,matRRfit,1.080523682,0.945829474,1.007648083,1.009560301,1.048307502,1.042671242,0.983878405,0.935174141
Region: Western,HDP,GLM,matRRlow,0.921767317,0.78782478,0.846830291,0.850925033,0.88473013,0.879330023,0.824282049,0.798182713
Region: Western,HDP,GLM,matRRhigh,1.266622721,1.1355233,1.199006069,1.197769443,1.242128625,1.236354146,1.174375589,1.095677293
Region: Western,SMI,GLM,matRRfit,0.988548452,0.575013529,1.709595891,1.011669601,0.699455212,0.696280325,2.078985918,0.587295061
Region: Western,SMI,GLM,matRRlow,0.641444309,0.348652227,1.10393161,0.646594342,0.441819998,0.443584845,1.386358454,0.386797342
Region: Western,SMI,GLM,matRRhigh,1.523480728,0.948339154,2.647553602,1.582870921,1.107323332,1.092927984,3.117651453,0.891721455
Region: Western,PMAD,GLM,matRRfit,0.974674562,1.070609505,1.107577715,1.160359298,0.921439762,0.938039557,0.844213828,1.32509713
Region: Western,PMAD,GLM,matRRlow,0.821927286,0.883317084,0.919189805,0.965181098,0.763349867,0.774368104,0.691408548,1.121844109
Region: Western,PMAD,GLM,matRRhigh,1.155808451,1.297614111,1.334575719,1.395006288,1.112270102,1.136304822,1.030789956,1.565175046
Region: Western,MDP,GLM,matRRfit,0.925099237,1.021588788,1.096731461,1.050624823,1.061835588,0.858839499,0.958831468,1.197296605
Region: Western,MDP,GLM,matRRlow,0.792010313,0.858784046,0.928139913,0.890270173,0.900274636,0.724519748,0.805872047,1.032666268
Region: Western,MDP,GLM,matRRhigh,1.080552341,1.215257382,1.295946743,1.239862407,1.252389849,1.018060979,1.140823517,1.388172738
Region: Western,SUB,GLM,matRRfit,0.94455183,1.115057521,0.930950809,1.122402262,1.082688769,1.018673159,0.860532932,1.101553798
Region: Western,SUB,GLM,matRRlow,0.81414398,0.944438538,0.792490021,0.959499986,0.925920709,0.869764607,0.72848585,0.952968854
Region: Western,SUB,GLM,matRRhigh,1.095848132,1.316499936,1.093602929,1.312961809,1.265999302,1.193075685,1.016515184,1.273305801
Region: Western,SMM,GLM,matRRfit,1.267958115,1.021702394,0.78590279,1.387170747,1.175784775,0.769198627,1.526229896,0.869488583
Region: Western,SMM,GLM,matRRlow,0.963840164,0.74281836,0.576311916,1.036679838,0.877235981,0.567940891,1.137483342,0.662022915
Region: Western,SMM,GLM,matRRhigh,1.668033602,1.405290766,1.071716858,1.856159067,1.575938364,1.041774835,2.047834556,1.141970133
Region: Piedmont,GDM,GLM,matRRfit,0.953194791,0.930770236,1.04016966,1.045642962,0.915115712,1.005621419,0.978297786,0.926017389
Region: Piedmont,GDM,GLM,matRRlow,0.872349847,0.842105092,0.946387429,0.953202481,0.833264559,0.914119716,0.884524162,0.846418711
Region: Piedmont,GDM,GLM,matRRhigh,1.041532034,1.028770923,1.143245237,1.147048216,1.005007062,1.106282274,1.082012904,1.013101664
Region: Piedmont,PTB,GLM,matRRfit,0.973527089,0.992944534,0.976140193,1.017888978,1.048556599,1.001973764,0.997845539,0.990029609
Region: Piedmont,PTB,GLM,matRRlow,0.897517622,0.906062359,0.894987855,0.935499342,0.963977232,0.91928207,0.911157915,0.913494517
Region: Piedmont,PTB,GLM,matRRhigh,1.055973688,1.088157827,1.064650957,1.107534688,1.140556962,1.092103779,1.092780629,1.072977023
Region: Piedmont,HDP,GLM,matRRfit,0.990820678,0.974573063,0.995967962,1.030902085,1.026002586,0.939473606,1.062009364,0.951940779
Region: Piedmont,HDP,GLM,matRRlow,0.919207365,0.895155583,0.918767991,0.95312407,0.948399203,0.866388082,0.97574167,0.882733273
Region: Piedmont,HDP,GLM,matRRhigh,1.068013218,1.061036398,1.079654701,1.115027038,1.109955916,1.018724373,1.155904196,1.026574248
Region: Piedmont,SMI,GLM,matRRfit,1.386607799,0.641259813,1.079635868,1.005861816,1.259709077,0.898621838,0.92188693,0.684356811
Region: Piedmont,SMI,GLM,matRRlow,1.061590163,0.463621091,0.802127225,0.751066252,0.940984835,0.663668294,0.665402068,0.501060393
Region: Piedmont,SMI,GLM,matRRhigh,1.811133201,0.886961693,1.453153032,1.347095533,1.686389514,1.216754237,1.277236055,0.934706177
Region: Piedmont,PMAD,GLM,matRRfit,1.03359427,0.925597872,1.057447513,1.005032976,1.068258693,0.932175843,1.003788175,1.00268871
Region: Piedmont,PMAD,GLM,matRRlow,0.927738773,0.818139371,0.941010844,0.896215133,0.952602962,0.827840528,0.885027528,0.897483467
Region: Piedmont,PMAD,GLM,matRRhigh,1.151527936,1.047170508,1.188291559,1.127063408,1.197956212,1.049660863,1.138485153,1.120226372
Region: Piedmont,MDP,GLM,matRRfit,1.00524826,0.96302111,1.032142572,1.013280376,1.043738053,0.936128275,1.06068802,0.934369599
Region: Piedmont,MDP,GLM,matRRlow,0.921362494,0.872215677,0.939452196,0.924128735,0.951729126,0.850880332,0.959180552,0.854333553
Region: Piedmont,MDP,GLM,matRRhigh,1.096771434,1.063280198,1.133978178,1.111032567,1.144641994,1.029917034,1.172937747,1.021903616
Region: Piedmont,SUB,GLM,matRRfit,0.945383455,1.027763492,1.061560255,0.974884746,1.090648446,0.912487568,1.002225773,0.997533832
Region: Piedmont,SUB,GLM,matRRlow,0.860984388,0.925471992,0.960601377,0.883588145,0.989025061,0.824561345,0.900849476,0.907792271
Region: Piedmont,SUB,GLM,matRRhigh,1.038055844,1.141361169,1.173129877,1.075614553,1.202713743,1.009789709,1.115010362,1.096146969
Region: Piedmont,SMM,GLM,matRRfit,1.008654217,0.827032479,1.070981494,1.162638397,0.992811309,0.962011846,1.157658586,0.917482048
Region: Piedmont,SMM,GLM,matRRlow,0.833430024,0.666638095,0.877296057,0.956980112,0.81569901,0.787059078,0.939049836,0.761129582
Region: Piedmont,SMM,GLM,matRRhigh,1.220718356,1.026018053,1.307427923,1.412493349,1.208379909,1.175854287,1.427158976,1.105952689
Intensity: High,GDM,GLM,matRRfit,0.977257282,0.991618401,1.086813405,0.995130956,0.91340275,1.135022333,0.86413198,1.119063887
Intensity: High,GDM,GLM,matRRlow,0.871090795,0.873354241,0.965569585,0.88337947,0.810043917,1.008020148,0.759137372,0.999636484
Intensity: High,GDM,GLM,matRRhigh,1.09636309,1.125897151,1.223281466,1.12101951,1.029949817,1.278025741,0.983648161,1.252759382
Intensity: High,PTB,GLM,matRRfit,0.961318354,0.982271635,1.010549483,1.094105944,1.040915386,0.955314316,0.998293466,1.028259962
Intensity: High,PTB,GLM,matRRlow,0.86750699,0.877289761,0.910586512,0.98626426,0.93760155,0.85897118,0.89115938,0.929645234
Intensity: High,PTB,GLM,matRRhigh,1.065274389,1.099816284,1.121486255,1.213739425,1.155613321,1.062463403,1.118307081,1.137335525
Intensity: High,HDP,GLM,matRRfit,0.969958816,0.976374693,1.069203954,0.947855559,1.027688236,1.017017211,0.886746965,1.161936908
Intensity: High,HDP,GLM,matRRlow,0.879927725,0.877310791,0.967645505,0.856993067,0.929465085,0.918555101,0.795101473,1.057187779
Intensity: High,HDP,GLM,matRRhigh,1.069201571,1.086624662,1.181421388,1.048351725,1.136291322,1.12603371,0.988955757,1.277064874
Intensity: High,SMI,GLM,matRRfit,1.021950624,1.084573654,1.16077398,1.153913838,1.249473913,0.6869962,0.92499646,1.695880986
Intensity: High,SMI,GLM,matRRlow,0.809278613,0.843771865,0.922361657,0.913915809,0.988923691,0.538282407,0.713006852,1.372817004
Intensity: High,SMI,GLM,matRRhigh,1.290511153,1.39409722,1.460811192,1.456936331,1.578670906,0.876795846,1.200014347,2.094971368
Intensity: High,PMAD,GLM,matRRfit,0.971914257,0.98091198,0.865295433,1.083389595,1.082021869,0.903945996,0.951952645,1.132631942
Intensity: High,PMAD,GLM,matRRlow,0.853273075,0.848558596,0.754062993,0.94754976,0.945689488,0.787281439,0.822998509,0.998382036
Intensity: High,PMAD,GLM,matRRhigh,1.1070516,1.133909099,0.99293586,1.238703302,1.238008183,1.037898678,1.10111237,1.284934093
Intensity: High,MDP,GLM,matRRfit,1.015416464,1.02844499,0.869319739,1.043637863,1.007853236,1.013923582,0.959860967,1.12680154
Intensity: High,MDP,GLM,matRRlow,0.910487929,0.91047664,0.773526647,0.93103553,0.898514533,0.903327223,0.849111284,1.012570915
Intensity: High,MDP,GLM,matRRhigh,1.132437415,1.161698226,0.976975791,1.169858673,1.130497179,1.138060498,1.085055743,1.253918805
Intensity: High,SUB,GLM,matRRfit,1.041751889,0.947524714,1.071884622,1.028645584,0.950367385,1.054868382,0.92119073,1.071823212
Intensity: High,SUB,GLM,matRRlow,0.932619742,0.837441497,0.955869243,0.916682294,0.84615771,0.939766344,0.813250979,0.960124391
Intensity: High,SUB,GLM,matRRhigh,1.163654328,1.072078572,1.201980972,1.154284037,1.067411142,1.18406805,1.043456919,1.196516836
Intensity: High,SMM,GLM,matRRfit,0.929058689,0.857269161,1.168751735,1.119151205,1.08640936,0.767501199,0.974713118,1.171877845
Intensity: High,SMM,GLM,matRRlow,0.768944357,0.698311168,0.972077816,0.927906749,0.898902522,0.628338463,0.791551261,0.980797481
Intensity: High,SMM,GLM,matRRhigh,1.122513013,1.052411086,1.405217356,1.349811735,1.313029242,0.937485328,1.200257911,1.400184758
Intensity: Moderate,GDM,GLM,matRRfit,0.882410374,1.168572172,1.021510134,1.145161104,0.95979701,0.996068171,0.984247721,1.168702375
Intensity: Moderate,GDM,GLM,matRRlow,0.745152683,1.00675815,0.880157933,0.993657133,0.8257591,0.8578571,0.84281514,1.003148359
Intensity: Moderate,GDM,GLM,matRRhigh,1.044951037,1.356394205,1.185563312,1.319765047,1.115592066,1.156546703,1.149414065,1.361578505
Intensity: Moderate,PTB,GLM,matRRfit,1.119277386,1.096743764,0.894481045,1.047245195,1.074217942,1.013531058,0.987762188,0.990524449
Intensity: Moderate,PTB,GLM,matRRlow,0.966174289,0.949507729,0.77103281,0.909045635,0.93359184,0.878828934,0.850848061,0.847907331
Intensity: Moderate,PTB,GLM,matRRhigh,1.296641695,1.266811052,1.037694284,1.206454831,1.236026429,1.168879592,1.146707837,1.157129615
Intensity: Moderate,HDP,GLM,matRRfit,0.898570981,1.128911533,1.053167635,0.898672422,1.111484085,1.017015649,0.941937831,0.856574486
Intensity: Moderate,HDP,GLM,matRRlow,0.771259001,0.982492302,0.917112218,0.781186453,0.973713864,0.885901764,0.81375126,0.731447951
Intensity: Moderate,HDP,GLM,matRRhigh,1.046898391,1.297151384,1.209407143,1.033827608,1.268747336,1.167534452,1.090317055,1.003106029
Intensity: Moderate,SMI,GLM,matRRfit,0.971617205,1.317771648,0.323539438,4.274650966,0.568367697,0.759142462,0.929963725,1.636411608
Intensity: Moderate,SMI,GLM,matRRlow,0.719369145,1.021045985,0.235563384,3.50316064,0.427825551,0.57673111,0.698066025,1.275200287
Intensity: Moderate,SMI,GLM,matRRhigh,1.312316494,1.700728608,0.444371982,5.216044241,0.755078415,0.999247773,1.238897896,2.099939106
Intensity: Moderate,PMAD,GLM,matRRfit,0.839048886,1.009902095,1.030374007,0.932891393,0.972667237,1.033774449,1.036101153,0.861076832
Intensity: Moderate,PMAD,GLM,matRRlow,0.677848632,0.829394076,0.850517457,0.771128002,0.808034704,0.860529853,0.857222661,0.701172731
Intensity: Moderate,PMAD,GLM,matRRhigh,1.038584427,1.229695595,1.24826432,1.128588704,1.170842724,1.241897196,1.252306605,1.057447441
Intensity: Moderate,MDP,GLM,matRRfit,0.923385427,0.968997665,0.99703649,1.028140359,0.930525452,0.956606498,0.985245599,0.953995878
Intensity: Moderate,MDP,GLM,matRRlow,0.778047866,0.821629995,0.849123682,0.879816906,0.793722873,0.815888024,0.837623002,0.807221593
Intensity: Moderate,MDP,GLM,matRRhigh,1.09587171,1.142797221,1.17071492,1.201468841,1.090906721,1.121595077,1.158885188,1.12745762
Intensity: Moderate,SUB,GLM,matRRfit,0.958141266,1.056999667,0.777275132,1.282722882,0.990161688,1.101391961,0.979964201,1.118971067
Intensity: Moderate,SUB,GLM,matRRlow,0.810570728,0.902411328,0.658502723,1.113974256,0.853554541,0.953099177,0.840000516,0.958591509
Intensity: Moderate,SUB,GLM,matRRhigh,1.132578139,1.238069892,0.917470209,1.477034128,1.148632129,1.272757632,1.143249101,1.30618333
Intensity: Moderate,SMM,GLM,matRRfit,1.316945632,0.885754081,1.033419078,0.781373492,1.555961976,1.04244558,0.656687621,1.046765725
Intensity: Moderate,SMM,GLM,matRRlow,1.032728726,0.67725273,0.802413567,0.59834675,1.250636958,0.813963386,0.486692033,0.795463875
Intensity: Moderate,SMM,GLM,matRRhigh,1.679381773,1.158445374,1.330928383,1.020385812,1.935827703,1.335063477,0.886060592,1.377458508
Intensity: Low,GDM,GLM,matRRfit,0.977781763,1.041809641,0.94919455,0.979782391,1.06746299,0.99236008,0.881123874,1.031568711
Intensity: Low,GDM,GLM,matRRlow,0.901615033,0.959753411,0.87490249,0.903834848,0.985179641,0.911857875,0.804681282,0.947505158
Intensity: Low,GDM,GLM,matRRhigh,1.060382915,1.130881448,1.029795096,1.062111664,1.15661874,1.07996932,0.964828309,1.123090462
Intensity: Low,PTB,GLM,matRRfit,1.047411944,0.993961779,0.949974933,1.086748236,0.984084548,0.965003652,0.968848332,1.005280251
Intensity: Low,PTB,GLM,matRRlow,0.971432173,0.919412057,0.879875812,1.008578341,0.911359122,0.890667299,0.890534427,0.927590859
Intensity: Low,PTB,GLM,matRRhigh,1.129334411,1.074556299,1.025658803,1.170976691,1.06261338,1.045544222,1.054049188,1.089476436
Intensity: Low,HDP,GLM,matRRfit,1.039939844,0.956896237,0.915577022,1.047803259,0.96435548,1.012978347,0.901289868,1.023926335
Intensity: Low,HDP,GLM,matRRlow,0.967708839,0.887614111,0.85017815,0.974883436,0.895958209,0.939010063,0.831343452,0.949069385
Intensity: Low,HDP,GLM,matRRhigh,1.117562262,1.031586132,0.986006619,1.126177377,1.037974185,1.092773307,0.977121337,1.104687557
Intensity: Low,SMI,GLM,matRRfit,1.450607103,0.624240367,1.047731846,1.529435726,0.945257043,0.613202666,0.912432457,1.453895399
Intensity: Low,SMI,GLM,matRRlow,1.208515601,0.502530094,0.861749308,1.275541335,0.77482445,0.48877247,0.731887626,1.200155636
Intensity: Low,SMI,GLM,matRRhigh,1.741194707,0.775428259,1.273853094,1.833867375,1.153178475,0.76930992,1.137514775,1.761281427
Intensity: Low,PMAD,GLM,matRRfit,1.040251339,0.985502945,0.96847807,1.028796795,1.027094289,1.051876979,0.959190883,1.005871907
Intensity: Low,PMAD,GLM,matRRlow,0.946874911,0.893835878,0.880228041,0.936890169,0.934696034,0.954566312,0.865164542,0.911495942
Intensity: Low,PMAD,GLM,matRRhigh,1.142836118,1.086570901,1.065575882,1.129719234,1.128626462,1.159107717,1.063436033,1.110019526
Intensity: Low,MDP,GLM,matRRfit,1.033858347,0.961907877,0.943541887,1.058746913,1.017191158,1.038745889,0.957791907,0.947892239
Intensity: Low,MDP,GLM,matRRlow,0.953030284,0.883763188,0.868537723,0.97692602,0.937604313,0.954996941,0.875955536,0.869469835
Intensity: Low,MDP,GLM,matRRhigh,1.121541572,1.046962328,1.025023173,1.147420585,1.103533588,1.129839244,1.047273862,1.033388003
Intensity: Low,SUB,GLM,matRRfit,0.991354516,1.023126594,0.951527296,1.015953119,0.942290998,1.027134339,0.981385496,1.069154971
Intensity: Low,SUB,GLM,matRRlow,0.913401907,0.9413742,0.876329294,0.937299413,0.868303532,0.945366872,0.899524284,0.984691679
Intensity: Low,SUB,GLM,matRRhigh,1.075959848,1.111978667,1.033178053,1.10120707,1.022582878,1.115974106,1.070696488,1.160863218
Intensity: Low,SMM,GLM,matRRfit,0.91807627,0.915099172,0.854213829,1.039701158,0.955481931,1.040052418,0.870894683,1.036686321
Intensity: Low,SMM,GLM,matRRlow,0.783054151,0.777130392,0.727236195,0.891238053,0.817494634,0.888082099,0.736010072,0.886596549
Intensity: Low,SMM,GLM,matRRhigh,1.076380268,1.077562406,1.003362141,1.212895359,1.116760505,1.21802819,1.030498871,1.212184425
Urban,GDM,GLM,matRRfit,0.957804679,1.001537989,1.063397003,0.996682189,0.978523898,0.909648976,1.00268331,1.041493433
Urban,GDM,GLM,matRRlow,0.886868104,0.918379426,0.978749528,0.918424739,0.901374599,0.835893946,0.918434739,0.964615394
Urban,GDM,GLM,matRRhigh,1.034415151,1.092226497,1.155365243,1.081607826,1.062276461,0.989911774,1.094660053,1.124498507
Urban,PTB,GLM,matRRfit,0.994528602,0.931316488,1.044968551,1.030505687,0.988868855,0.961988978,1.069730229,0.94136121
Urban,PTB,GLM,matRRlow,0.927467464,0.860589213,0.969557839,0.957416708,0.918428186,0.891967284,0.989027794,0.87792653
Urban,PTB,GLM,matRRhigh,1.066438639,1.007856464,1.126244591,1.109174264,1.06471211,1.037507553,1.1570178,1.009379371
Urban,HDP,GLM,matRRfit,0.995210633,0.933973477,1.056775523,0.994362678,1.036727407,0.952967633,1.001911295,0.993007302
Urban,HDP,GLM,matRRlow,0.932466619,0.867636879,0.985249877,0.92795297,0.96750405,0.887643016,0.930498225,0.930375894
Urban,HDP,GLM,matRRhigh,1.062176581,1.005381949,1.133493678,1.06552505,1.110903583,1.023099707,1.078805113,1.059854956
Urban,SMI,GLM,matRRfit,1.248507787,0.94490365,0.942441612,0.773891626,1.823776337,0.789911186,0.955577988,0.855212828
Urban,SMI,GLM,matRRlow,1.00729277,0.73490798,0.739911623,0.609259884,1.457631426,0.620463017,0.74083015,0.678067303
Urban,SMI,GLM,matRRhigh,1.547486234,1.214904357,1.200408489,0.983009492,2.281893809,1.005635573,1.23257577,1.078637737
Urban,PMAD,GLM,matRRfit,0.951823292,0.983473551,1.072812755,0.988518239,0.935473197,0.974950627,1.040614689,0.977460829
Urban,PMAD,GLM,matRRlow,0.869275918,0.887914776,0.97277066,0.897185668,0.848155765,0.882245662,0.938255199,0.89223388
Urban,PMAD,GLM,matRRhigh,1.042209453,1.089316511,1.183143422,1.08914837,1.031779937,1.077396881,1.154141147,1.070828728
Urban,MDP,GLM,matRRfit,0.937690786,0.971791419,1.06721588,1.020055997,0.982071439,0.976530124,1.027291986,0.987789587
Urban,MDP,GLM,matRRlow,0.870753811,0.894393547,0.98600381,0.943401305,0.907784767,0.901081983,0.944942396,0.917687964
Urban,MDP,GLM,matRRhigh,1.00977337,1.055887047,1.15511697,1.102939153,1.062437204,1.058295582,1.116818156,1.06324623
Urban,SUB,GLM,matRRfit,0.991436521,1.007498119,1.012851707,1.049590803,1.070850837,0.900678295,1.00433832,1.032350337
Urban,SUB,GLM,matRRlow,0.917329793,0.922975197,0.93136954,0.966621228,0.986188123,0.827143647,0.918946358,0.954757237
Urban,SUB,GLM,matRRhigh,1.07152998,1.099761363,1.101462454,1.139682041,1.162781712,0.980750314,1.097665226,1.116249426
Urban,SMM,GLM,matRRfit,1.012512107,0.864013798,1.246027483,0.935355636,0.915673056,1.082769405,0.940611474,1.087732888
Urban,SMM,GLM,matRRlow,0.867035357,0.724723515,1.057420995,0.79268177,0.775552687,0.91593082,0.788602868,0.933876467
Urban,SMM,GLM,matRRhigh,1.182397878,1.03007537,1.468274695,1.103709204,1.081109201,1.279997965,1.121920781,1.266937198
Suburban,GDM,GLM,matRRfit,0.928513304,1.452069486,0.733917809,0.943391193,1.141702421,0.963649347,0.950189502,1.054970328
Suburban,GDM,GLM,matRRlow,0.781155193,1.202466008,0.604312051,0.780536327,0.945448599,0.795080337,0.78020205,0.88655
Suburban,GDM,GLM,matRRhigh,1.103669237,1.753484738,0.891319889,1.140224885,1.378694114,1.167957528,1.157213173,1.255385926
Suburban,PTB,GLM,matRRfit,0.999938128,0.955881625,1.140644702,0.949425521,0.981435238,0.930607539,1.174136659,0.98941247
Suburban,PTB,GLM,matRRlow,0.856762205,0.804050777,0.966464983,0.804221516,0.831236257,0.786011401,0.989530631,0.84951254
Suburban,PTB,GLM,matRRhigh,1.16704058,1.136383058,1.346215702,1.120846436,1.158774196,1.101803856,1.393182638,1.152351482
Suburban,HDP,GLM,matRRfit,0.925744397,1.078476031,1.164408233,0.876138897,1.021673953,0.999997356,1.086998891,0.954757466
Suburban,HDP,GLM,matRRlow,0.797536798,0.913965603,0.991529432,0.745383306,0.869291585,0.848706587,0.920021028,0.822527636
Suburban,HDP,GLM,matRRhigh,1.074561941,1.272597727,1.367429436,1.029831713,1.200768169,1.178257278,1.284282155,1.108244611
Suburban,SMI,GLM,matRRfit,0.430897704,1.415058186,1.171532306,0.943942506,1.708320069,0.255066504,1.242443598,1.407958569
Suburban,SMI,GLM,matRRlow,0.247212533,0.833596848,0.687080175,0.554432863,1.03338163,0.138061828,0.705179693,0.872712051
Suburban,SMI,GLM,matRRhigh,0.751065609,2.402108016,1.997565923,1.607097113,2.824084901,0.471230335,2.189039347,2.271479269
Suburban,PMAD,GLM,matRRfit,0.956034766,0.982057317,0.930854282,0.950474834,1.098352003,0.832689567,1.364242598,0.792717047
Suburban,PMAD,GLM,matRRlow,0.779471299,0.780942945,0.743952979,0.762209063,0.883744113,0.666533708,1.095979165,0.647120326
Suburban,PMAD,GLM,matRRhigh,1.172592853,1.234964195,1.164710294,1.185242282,1.365075145,1.04026534,1.698169022,0.971071827
Suburban,MDP,GLM,matRRfit,1.01954574,0.981625125,0.936499258,1.008161217,1.000105442,0.948812998,1.349680254,0.759524863
Suburban,MDP,GLM,matRRlow,0.853504887,0.802782608,0.769127654,0.831133953,0.824847637,0.78115687,1.113213495,0.633963211
Suburban,MDP,GLM,matRRhigh,1.217888184,1.200309867,1.140292974,1.222894379,1.21260079,1.152452395,1.636376848,0.909955037
Suburban,SUB,GLM,matRRfit,0.950195322,1.046756607,1.02561748,0.85208129,1.05106397,0.84882489,1.159759854,1.008696857
Suburban,SUB,GLM,matRRlow,0.821376574,0.890791212,0.876612044,0.727899333,0.89941659,0.723800408,0.988720762,0.875154466
Suburban,SUB,GLM,matRRhigh,1.09921707,1.230029416,1.199950677,0.997449088,1.228280068,0.995445272,1.360387049,1.162616875
Suburban,SMM,GLM,matRRfit,0.947494615,1.198890761,0.664376624,1.393280595,1.235964915,0.646704855,1.432223477,0.741556251
Suburban,SMM,GLM,matRRlow,0.729066436,0.896911552,0.495911787,1.059678158,0.93676571,0.480872208,1.070960371,0.563160033
Suburban,SMM,GLM,matRRhigh,1.231363838,1.602542697,0.890070191,1.831906038,1.630727144,0.869726224,1.915350132,0.97646431
Rural,GDM,GLM,matRRfit,0.887393069,0.999237876,1.013374546,0.909894853,0.967550018,0.868769921,1.288560742,0.978367865
Rural,GDM,GLM,matRRlow,0.684516601,0.749158119,0.767640969,0.69007587,0.734378952,0.658482922,0.977962294,0.766464961
Rural,GDM,GLM,matRRhigh,1.150397897,1.332797853,1.337771188,1.19973568,1.274754722,1.146212226,1.697804501,1.248855106
Rural,PTB,GLM,matRRfit,0.935475002,1.175312816,0.920507202,1.032156737,1.130102252,0.945918758,1.080334419,0.956977731
Rural,PTB,GLM,matRRlow,0.743636419,0.908223697,0.714145948,0.804686562,0.882203463,0.734361597,0.833067707,0.760091905
Rural,PTB,GLM,matRRhigh,1.17680288,1.52094712,1.186499078,1.323928572,1.447660492,1.218421961,1.400993518,1.204862691
Rural,HDP,GLM,matRRfit,1.064339187,0.978426622,1.057199304,0.958578501,0.875776045,1.241223275,1.025103535,0.91324307
Rural,HDP,GLM,matRRlow,0.862883902,0.769325718,0.83836229,0.75974659,0.693583317,0.986669947,0.807901245,0.73852239
Rural,HDP,GLM,matRRhigh,1.312827719,1.244360655,1.333159163,1.209446353,1.105827752,1.561449423,1.300700134,1.129299418
Rural,SMI,GLM,matRRfit,1.883858207,2.572651689,1.94E-06,2.142703141,0.21992085,2.636598638,0.407713282,10.17206578
Rural,SMI,GLM,matRRlow,1.343787453,1.768467923,0,1.317585877,0.139196975,1.970792693,0.298124047,7.862654517
Rural,SMI,GLM,matRRhigh,2.640984433,3.742525735,Inf,3.484537007,0.347458557,3.527338214,0.557587091,13.15979507
Rural,PMAD,GLM,matRRfit,0.914044784,1.195430266,0.745959245,1.146934715,1.010864301,1.182830273,1.374391161,0.839313048
Rural,PMAD,GLM,matRRlow,0.692874228,0.876395498,0.550008297,0.859036407,0.757978132,0.889976377,1.033154172,0.649062203
Rural,PMAD,GLM,matRRhigh,1.205814611,1.63060345,1.011721455,1.531319545,1.348121524,1.572050104,1.828334157,1.085329554
Rural,MDP,GLM,matRRfit,1.002544575,1.00297497,0.843786603,0.997485123,1.046514075,1.157378756,1.208977805,0.939519048
Rural,MDP,GLM,matRRlow,0.793295391,0.768901215,0.652818336,0.778831654,0.819887594,0.908301248,0.945088165,0.754898316
Rural,MDP,GLM,matRRhigh,1.266987853,1.308306932,1.090618618,1.277524567,1.335782755,1.474759159,1.546551303,1.169291312
Rural,SUB,GLM,matRRfit,0.918036702,0.988090453,0.837157976,1.429685437,0.951503692,0.985777557,1.36392763,0.876810998
Rural,SUB,GLM,matRRlow,0.733787759,0.770294912,0.660620216,1.141027445,0.754212307,0.779880822,1.078716807,0.710858552
Rural,SUB,GLM,matRRhigh,1.148549259,1.267466172,1.06087198,1.791368348,1.200403743,1.246033194,1.724547693,1.081505629
Rural,SMM,GLM,matRRfit,1.389433962,0.671351968,1.028481889,1.631240972,0.609257464,1.218886483,1.105009896,1.447805297
Rural,SMM,GLM,matRRlow,0.958753689,0.435705468,0.696567096,1.115298664,0.405646738,0.821904563,0.735621368,1.02837951
Rural,SMM,GLM,matRRhigh,2.013579459,1.034445282,1.518554352,2.385860572,0.915068758,1.807611643,1.659884997,2.038294381
ICE Race,GDM,GLM,matRRfit,1.053244707,1.014810168,0.973671059,1.015695723,0.841201396,1.213198314,0.98819655,0.872647723
ICE Race,GDM,GLM,matRRlow,0.953068556,0.905043755,0.872104101,0.911914477,0.754197498,1.088503762,0.882158908,0.787518507
ICE Race,GDM,GLM,matRRhigh,1.163950282,1.137889381,1.087066705,1.131287887,0.938242027,1.352177366,1.106980174,0.966979241
ICE Race,PTB,GLM,matRRfit,0.967744941,1.046608849,0.991207019,1.007676256,0.965411314,1.033312045,1.047979353,0.989853624
ICE Race,PTB,GLM,matRRlow,0.885545136,0.94734632,0.900474463,0.917170716,0.878652535,0.939462891,0.950129858,0.907513663
ICE Race,PTB,GLM,matRRhigh,1.057574857,1.156272061,1.091081861,1.107112797,1.060736717,1.136536412,1.155905917,1.079664402
ICE Race,HDP,GLM,matRRfit,0.956363813,1.043577839,0.961260973,1.036180984,0.971359055,1.125898957,0.911361076,0.940392323
ICE Race,HDP,GLM,matRRlow,0.877091717,0.946948199,0.875119221,0.945377302,0.885885246,1.026181824,0.826875879,0.862111361
ICE Race,HDP,GLM,matRRhigh,1.042800571,1.150067878,1.05588203,1.135706378,1.065079724,1.235305901,1.00447846,1.02578131
ICE Race,SMI,GLM,matRRfit,0.805437856,0.763147141,1.341402058,0.81841863,1.248912755,1.011700224,0.974632317,0.957485122
ICE Race,SMI,GLM,matRRlow,0.581312151,0.53670472,0.976001775,0.592720908,0.913738232,0.736447023,0.700853168,0.714873434
ICE Race,SMI,GLM,matRRhigh,1.115975536,1.085128444,1.843602674,1.130058083,1.70703492,1.389831598,1.355359721,1.282433667
ICE Race,PMAD,GLM,matRRfit,1.187555646,0.963061933,0.84598928,1.012317346,0.889013341,1.090291596,0.970749683,1.032156789
ICE Race,PMAD,GLM,matRRlow,1.039414268,0.8238208,0.727199687,0.874247599,0.767120663,0.940726934,0.832899985,0.903010653
ICE Race,PMAD,GLM,matRRhigh,1.356810711,1.125837422,0.984183403,1.17219242,1.030274322,1.263635304,1.131414293,1.179773056
ICE Race,MDP,GLM,matRRfit,0.987423334,1.06262678,0.915088862,0.993022575,0.936908784,1.057979821,0.983721053,0.994226683
ICE Race,MDP,GLM,matRRlow,0.88774309,0.941717673,0.813678687,0.885643815,0.835381029,0.942504713,0.872857112,0.894988666
ICE Race,MDP,GLM,matRRhigh,1.098296175,1.19905966,1.029137961,1.113420338,1.050775682,1.18760287,1.108666122,1.104468398
ICE Race,SUB,GLM,matRRfit,1.094545132,0.977707553,0.992070018,0.980505793,1.014181731,0.996793363,1.04693164,0.991859697
ICE Race,SUB,GLM,matRRlow,0.993026679,0.874769728,0.891663852,0.882877198,0.913470144,0.896523281,0.938935759,0.900343751
ICE Race,SUB,GLM,matRRhigh,1.206441954,1.092758503,1.10378246,1.088930161,1.125996937,1.108277976,1.167349149,1.092677833
ICE Race,SMM,GLM,matRRfit,0.943021605,1.28491118,0.837577032,1.085836739,1.214307937,0.76986471,0.978401886,0.990496862
ICE Race,SMM,GLM,matRRlow,0.780031653,1.038838905,0.677670494,0.88289829,0.987943747,0.619699096,0.781728586,0.812081226
ICE Race,SMM,GLM,matRRhigh,1.140068798,1.589271187,1.035215922,1.335421572,1.492538186,0.956418487,1.224555769,1.208110719
ICE Income ,GDM,GLM,matRRfit,1.030559924,0.968133256,0.957984153,0.923526542,1.250873167,0.914732033,0.890034283,1.130078382
ICE Income ,GDM,GLM,matRRlow,0.893481001,0.824441846,0.822164046,0.79478594,1.080259153,0.786150482,0.759318527,0.98466241
ICE Income ,GDM,GLM,matRRhigh,1.188669659,1.136868546,1.116241511,1.073120738,1.448433624,1.064344181,1.043252596,1.296969537
ICE Income ,PTB,GLM,matRRfit,1.07979172,0.927086066,1.068307663,0.887685994,0.906773528,1.086004202,1.044943043,1.048159886
ICE Income ,PTB,GLM,matRRlow,0.952438665,0.803681446,0.93305164,0.775386447,0.79268447,0.949794278,0.909935544,0.92818702
ICE Income ,PTB,GLM,matRRhigh,1.224173484,1.069439364,1.223170524,1.016249932,1.037283135,1.24174798,1.199981658,1.183639853
ICE Income ,HDP,GLM,matRRfit,1.009811388,0.988002999,0.983133523,0.949860291,0.960085892,0.965725169,1.054513027,1.066613828
ICE Income ,HDP,GLM,matRRlow,0.891099077,0.858104897,0.859045818,0.831256266,0.840621473,0.844561616,0.919547227,0.946214243
ICE Income ,HDP,GLM,matRRhigh,1.144338565,1.137564801,1.125145486,1.085386793,1.096527925,1.104271239,1.209288323,1.202333473
ICE Income ,SMI,GLM,matRRfit,1.791900704,0.764254525,1.041774562,0.6714385,1.627218465,0.680477821,2.120763435,0.597224389
ICE Income ,SMI,GLM,matRRlow,1.35659618,0.544758777,0.759261443,0.49139101,1.201413607,0.492043781,1.561045452,0.442745387
ICE Income ,SMI,GLM,matRRhigh,2.366885723,1.07219012,1.429407811,0.917456058,2.203937027,0.941074926,2.881170144,0.805602907
ICE Income ,PMAD,GLM,matRRfit,1.116669122,0.879218792,0.877021343,0.915087826,1.265403048,0.760986805,1.056005645,0.968013303
ICE Income ,PMAD,GLM,matRRlow,0.93591781,0.716169919,0.720520042,0.755314719,1.049494402,0.625418564,0.86580494,0.812185426
ICE Income ,PMAD,GLM,matRRhigh,1.332328454,1.079388654,1.067515671,1.108658032,1.52572979,0.925941363,1.287989789,1.153738698
ICE Income ,MDP,GLM,matRRfit,1.112692806,0.886946592,0.919108031,1.02687067,1.0853245,0.866865072,0.947841589,1.029553346
ICE Income ,MDP,GLM,matRRlow,0.964807603,0.752186137,0.78561754,0.880895909,0.93099828,0.740069102,0.805175231,0.892535884
ICE Income ,MDP,GLM,matRRhigh,1.283245777,1.045850513,1.075280948,1.197035157,1.265232488,1.015384984,1.115786532,1.187605016
ICE Income ,SUB,GLM,matRRfit,1.057275001,0.923645312,1.083098792,0.940966405,1.112910369,0.925976308,1.082652675,0.914614326
ICE Income ,SUB,GLM,matRRlow,0.927977237,0.797047685,0.941823183,0.818782023,0.969673936,0.80351828,0.935596187,0.801563766
ICE Income ,SUB,GLM,matRRhigh,1.204588198,1.070350844,1.245566063,1.081383996,1.277305126,1.067097219,1.25282342,1.043609255
ICE Income ,SMM,GLM,matRRfit,1.004152097,1.081668432,0.642116044,1.553177914,0.741622019,1.359788812,1.209386302,0.829118133
ICE Income ,SMM,GLM,matRRlow,0.789983145,0.827766626,0.494450045,1.222498292,0.576189452,1.064439742,0.940571607,0.657624256
ICE Income ,SMM,GLM,matRRhigh,1.276383479,1.413449829,0.833882045,1.973304706,0.954552737,1.737088103,1.555028047,1.045333825
All Deliveries,GDM,GLM,matRRfit,0.944496064,0.999567548,0.979054714,1.022804503,0.977916999,1.002109524,1.042312505,0.949034575
All Deliveries,GDM,GLM,matRRlow,0.884066458,0.928147885,0.911875487,0.954297862,0.912244183,0.933775688,0.969019366,0.889658756
All Deliveries,GDM,GLM,matRRhigh,1.009056284,1.076482853,1.051183134,1.096229064,1.048317625,1.07544404,1.121149273,1.012373137
All Deliveries,PTB,GLM,matRRfit,1.014729621,0.974030257,1.006003797,0.985286964,1.022444484,0.956872992,1.037565002,0.97787336
All Deliveries,PTB,GLM,matRRlow,0.955340263,0.909690154,0.942332756,0.923909793,0.958832615,0.896086683,0.969483425,0.921051982
All Deliveries,PTB,GLM,matRRhigh,1.077810958,1.042920973,1.073976929,1.050741541,1.090276559,1.021782759,1.110427579,1.038200151
All Deliveries,HDP,GLM,matRRfit,1.063327021,0.958922331,1.001749306,1.008636728,0.972823074,0.965799167,1.032884401,0.991526347
All Deliveries,HDP,GLM,matRRlow,1.005313086,0.899340919,0.941988309,0.94953692,0.915587642,0.907905951,0.968988698,0.937345116
All Deliveries,HDP,GLM,matRRhigh,1.124688785,1.022451017,1.065301621,1.071414948,1.033636421,1.027383981,1.100993426,1.048839409
All Deliveries,SMI,GLM,matRRfit,0.898351909,0.88144332,1.098980098,1.067228003,1.046992183,0.899339875,1.192740878,0.897307811
All Deliveries,SMI,GLM,matRRlow,0.749398328,0.721486716,0.911151911,0.88744119,0.869914179,0.743961705,0.98458751,0.755551658
All Deliveries,SMI,GLM,matRRhigh,1.076912133,1.076862968,1.325527875,1.283437847,1.260115834,1.087169146,1.444900314,1.065660168
All Deliveries,PMAD,GLM,matRRfit,1.020884417,1.046873121,0.961816289,1.036270338,0.935256688,0.98247472,1.017278865,1.012776764
All Deliveries,PMAD,GLM,matRRlow,0.945887846,0.959665473,0.883960474,0.954115787,0.860369295,0.902615291,0.931815547,0.93784662
All Deliveries,PMAD,GLM,matRRhigh,1.101827237,1.142005587,1.046529344,1.125498841,1.016662353,1.069399758,1.110580621,1.093693522
All Deliveries,MDP,GLM,matRRfit,0.962260406,1.03961153,1.012368488,0.98270779,1.015126052,0.955387387,1.026844336,0.95927794
All Deliveries,MDP,GLM,matRRlow,0.902842362,0.967434739,0.94432666,0.917663673,0.947826042,0.890573598,0.954893887,0.899655435
All Deliveries,MDP,GLM,matRRhigh,1.025588881,1.117173168,1.085312952,1.052362242,1.087204672,1.024918167,1.10421619,1.022851784
All Deliveries,SUB,GLM,matRRfit,0.968878327,1.044026994,0.995741551,1.026104874,1.00941972,0.96337074,0.993649349,1.009380803
All Deliveries,SUB,GLM,matRRlow,0.908966247,0.971871485,0.929208096,0.95865003,0.942816795,0.898481739,0.924292635,0.947148049
All Deliveries,SUB,GLM,matRRhigh,1.032739352,1.121539609,1.067038955,1.098306139,1.080727642,1.032946072,1.068210426,1.075702585
All Deliveries,SMM,GLM,matRRfit,1.047173621,1.04795009,0.96627376,0.958792871,1.050485638,1.024493968,0.984426758,1.11893763
All Deliveries,SMM,GLM,matRRlow,0.929358227,0.915377516,0.847316818,0.842244295,0.923329965,0.898920271,0.859729946,0.995216177
All Deliveries,SMM,GLM,matRRhigh,1.179924556,1.199722927,1.101931366,1.091469274,1.195152456,1.167609547,1.127209824,1.258039658
