zip,denom,year
27858,17966,2018
27858,17812,2019
27610,17735,2019
27610,17707,2018
27610,17624,2016
27610,17367,2017
27858,17295,2016
27858,17262,2017
27858,17138,2020
28269,16994,2016
27610,16832,2020
27858,16528,2021
28269,16491,2020
28269,16253,2018
28269,16191,2017
28269,16155,2019
28269,15915,2021
27610,15832,2021
28027,14218,2021
28262,13914,2020
28205,13868,2021
28314,13819,2020
28314,13814,2019
27834,13708,2020
28262,13687,2017
28314,13545,2018
27834,13393,2019
27834,13356,2017
28314,13346,2021
28205,13252,2020
27606,13249,2020
28403,13229,2020
28262,13212,2016
28277,13212,2017
27834,13201,2016
28314,13193,2017
27834,13080,2021
27713,13060,2016
27834,13035,2018
27606,13023,2019
27713,12995,2019
28262,12991,2019
28314,12979,2016
28277,12972,2018
28277,12914,2016
27406,12910,2018
27713,12876,2020
27713,12862,2018
27616,12844,2020
28027,12839,2019
28262,12793,2018
28403,12769,2018
27713,12765,2017
27616,12760,2019
28403,12739,2019
28215,12734,2020
27703,12704,2021
28027,12678,2020
27606,12673,2018
28277,12621,2019
27705,12617,2020
28215,12570,2021
28215,12501,2018
28215,12494,2019
28403,12468,2021
27616,12459,2021
27406,12430,2017
27713,12351,2021
27606,12336,2016
28403,12307,2016
28403,12266,2017
27616,12241,2018
27406,12199,2019
28205,12193,2019
27703,12182,2020
27606,12145,2017
27707,12083,2018
27705,12003,2018
27616,11988,2017
28262,11976,2021
27705,11974,2019
27406,11951,2016
28277,11942,2021
28216,11915,2021
27606,11909,2021
28215,11909,2017
27587,11907,2021
27707,11888,2021
27707,11803,2019
27705,11790,2017
27603,11745,2021
27705,11730,2016
27407,11727,2020
28205,11717,2018
27707,11693,2020
28027,11662,2018
27703,11631,2019
27707,11626,2017
28027,11621,2017
27587,11611,2020
27616,11579,2016
28215,11569,2016
27707,11568,2016
27407,11547,2021
27603,11539,2020
27406,11520,2020
28546,11490,2021
28216,11463,2016
28027,11448,2016
27604,11438,2020
28216,11434,2020
27407,11417,2019
28277,11416,2020
28216,11338,2017
28216,11330,2018
27603,11289,2019
28227,11262,2020
27406,11254,2021
28227,11136,2021
27703,11107,2018
27587,11074,2018
27514,11057,2021
27703,11057,2017
27587,11013,2019
28078,11013,2021
28546,10988,2020
27407,10985,2016
28216,10983,2019
27407,10977,2017
27603,10935,2017
27410,10930,2021
27603,10922,2018
27587,10921,2017
27519,10901,2021
27410,10827,2020
28078,10820,2019
28213,10778,2020
27407,10745,2018
27705,10728,2021
28607,10726,2019
28078,10714,2018
27703,10713,2016
28213,10713,2021
27514,10704,2020
27514,10700,2019
28227,10665,2019
28607,10649,2020
28078,10648,2016
28078,10603,2017
28078,10575,2020
27604,10564,2021
28205,10558,2017
28540,10549,2016
28546,10531,2019
28273,10516,2020
27604,10512,2019
28212,10509,2019
28210,10498,2017
27405,10496,2021
28210,10474,2019
27587,10457,2016
28210,10444,2020
28607,10433,2016
28212,10431,2017
27410,10412,2017
27410,10406,2016
27410,10402,2018
28607,10397,2021
27405,10389,2020
27604,10343,2018
28227,10313,2018
28227,10312,2017
28213,10309,2019
28607,10306,2017
28607,10297,2018
28212,10288,2018
28210,10285,2021
27514,10284,2018
28210,10258,2018
28273,10188,2021
27410,10183,2019
28540,10183,2017
27603,10140,2016
27519,10139,2018
28212,10074,2020
27604,10066,2017
28227,10048,2016
28205,10047,2016
27529,10032,2021
28212,10029,2021
28546,10013,2018
28210,9920,2016
27519,9918,2019
28213,9881,2017
28806,9863,2021
28110,9843,2017
27529,9838,2020
27405,9828,2019
27514,9757,2016
27607,9748,2020
28213,9746,2018
27106,9745,2018
27106,9737,2017
27514,9702,2017
27405,9690,2018
28110,9678,2018
27265,9661,2016
28110,9637,2016
28540,9629,2018
27607,9613,2018
28601,9608,2021
27519,9597,2016
27607,9583,2021
27604,9582,2016
28110,9574,2019
27106,9546,2019
27519,9543,2017
27519,9529,2020
28212,9510,2016
28110,9465,2020
27607,9439,2017
28540,9439,2021
28546,9426,2017
28806,9413,2019
28025,9410,2020
27265,9407,2017
28540,9406,2019
27265,9399,2019
28273,9391,2019
28025,9390,2021
28025,9357,2018
27405,9335,2016
27405,9330,2017
27516,9326,2021
28546,9309,2016
27607,9300,2019
28540,9270,2020
28025,9263,2017
27265,9233,2018
28173,9230,2019
27607,9201,2016
27516,9193,2020
28213,9176,2016
27284,9162,2021
28110,9144,2021
28376,9142,2020
28376,9138,2019
27560,9127,2021
27526,9116,2021
27106,9113,2016
28376,9085,2018
27529,9076,2019
28806,9068,2020
28806,9060,2018
28025,9037,2016
27516,9029,2019
27284,9028,2019
28601,9027,2020
28025,9013,2019
27560,9008,2020
27265,8988,2021
27284,8929,2017
27613,8888,2016
28376,8823,2017
28601,8822,2019
27516,8812,2016
28273,8807,2018
27284,8803,2020
27516,8791,2017
28173,8788,2021
28173,8753,2020
27284,8729,2016
28601,8705,2018
28806,8701,2016
28208,8698,2020
28376,8695,2016
27284,8686,2018
28173,8664,2018
28376,8659,2021
27516,8647,2018
28214,8643,2019
28208,8616,2019
27529,8606,2018
28214,8580,2018
28306,8579,2021
27613,8578,2017
27265,8577,2020
28806,8571,2017
27127,8521,2021
27513,8496,2020
27106,8484,2020
27513,8480,2021
27127,8469,2020
28601,8468,2016
28655,8455,2016
27529,8452,2016
27107,8447,2019
27704,8440,2021
28655,8439,2017
27106,8427,2021
28173,8424,2017
27612,8411,2020
28601,8402,2017
27127,8395,2018
28273,8393,2016
27526,8386,2019
28273,8375,2017
27612,8365,2019
28655,8355,2021
28655,8336,2020
27526,8335,2020
28306,8332,2020
28214,8327,2017
27529,8322,2017
28306,8320,2016
28208,8271,2018
27107,8248,2017
27612,8244,2016
27107,8243,2016
28655,8235,2019
28214,8230,2020
27107,8229,2018
28655,8226,2018
28214,8208,2016
27103,8198,2021
28214,8194,2021
27560,8183,2019
27704,8183,2019
28105,8178,2020
28173,8171,2016
27127,8168,2017
27612,8160,2021
27513,8149,2017
27612,8147,2018
27513,8145,2018
28105,8133,2019
27502,8130,2021
27127,8125,2019
27513,8117,2019
27526,8111,2018
28306,8095,2019
27107,8086,2021
28105,8073,2018
27704,8072,2020
28208,8071,2021
27127,8068,2016
27613,8062,2018
28306,8060,2017
28208,8046,2017
28306,7988,2018
27502,7950,2020
27520,7946,2020
27107,7924,2020
27615,7869,2021
27615,7852,2020
27612,7851,2017
27513,7847,2016
27704,7836,2017
27520,7834,2019
27704,7829,2018
27560,7813,2018
27613,7787,2019
28358,7726,2016
27520,7697,2021
27520,7690,2017
28412,7687,2017
27403,7661,2020
27526,7659,2017
27613,7659,2020
27103,7637,2020
28645,7627,2016
27360,7623,2016
28105,7602,2021
28208,7600,2016
28348,7593,2021
27103,7581,2016
27526,7577,2016
28105,7575,2016
28105,7572,2017
27360,7548,2021
27360,7541,2019
27520,7502,2016
27103,7495,2017
28079,7481,2020
27403,7477,2019
27613,7463,2021
27360,7459,2017
28645,7458,2017
28054,7452,2021
27520,7417,2018
27893,7402,2016
27103,7399,2018
28358,7396,2017
27893,7391,2018
28412,7390,2018
27704,7384,2016
27215,7374,2021
28412,7369,2016
28412,7364,2021
27401,7345,2020
27360,7342,2018
27893,7317,2017
27560,7311,2017
27615,7311,2019
27360,7300,2020
27103,7296,2019
28311,7283,2017
28311,7283,2018
28645,7279,2018
27893,7269,2019
27403,7268,2018
28311,7265,2020
28304,7252,2016
27540,7247,2019
28079,7241,2021
28412,7238,2019
28348,7221,2019
27893,7202,2021
27540,7197,2021
28311,7180,2016
27893,7152,2020
28348,7148,2020
27615,7111,2018
28348,7105,2017
28226,7101,2016
28304,7094,2017
28358,7081,2018
27215,7077,2020
27403,7054,2017
28311,7032,2019
27909,7007,2021
27615,6997,2017
28358,6996,2019
27615,6975,2016
27105,6968,2018
28226,6964,2018
27292,6962,2021
28348,6961,2018
27540,6954,2020
27401,6953,2021
28358,6941,2020
28411,6941,2019
28117,6939,2021
28625,6918,2018
28054,6917,2020
28304,6909,2018
28217,6907,2020
27909,6906,2016
28311,6905,2021
27105,6903,2016
27540,6903,2018
28625,6884,2020
28115,6882,2021
28348,6880,2016
27105,6877,2017
28054,6869,2016
27401,6863,2019
27909,6859,2017
28411,6834,2020
27502,6831,2019
27560,6831,2016
28645,6825,2019
27609,6822,2019
27330,6815,2016
28412,6809,2020
28217,6807,2017
28645,6798,2020
27330,6796,2021
27909,6788,2019
28625,6776,2019
28304,6774,2019
28645,6774,2021
27909,6759,2018
28217,6757,2016
27909,6754,2020
27217,6748,2020
27105,6740,2019
27609,6728,2020
28304,6727,2020
28092,6721,2021
28054,6701,2019
27215,6681,2019
28803,6680,2018
27530,6677,2016
28304,6670,2021
28092,6669,2018
28226,6669,2017
28217,6659,2018
28278,6659,2021
27217,6654,2021
27540,6653,2017
27609,6652,2021
27502,6651,2018
28625,6651,2017
27403,6645,2016
28079,6642,2018
27545,6630,2021
27330,6624,2017
27105,6618,2021
27609,6614,2017
27215,6599,2018
28092,6589,2019
27502,6585,2017
27330,6579,2019
28803,6577,2019
27530,6561,2018
28052,6553,2018
27105,6544,2020
28217,6542,2021
28054,6541,2018
28217,6541,2019
27609,6540,2018
28803,6540,2017
27502,6531,2016
28092,6524,2020
27217,6523,2016
27330,6482,2018
28226,6481,2019
27330,6476,2020
27609,6467,2016
28052,6455,2017
27530,6448,2019
28117,6439,2018
28079,6437,2017
28117,6429,2019
27217,6409,2019
27217,6407,2018
27217,6406,2017
27540,6396,2016
28625,6387,2016
27320,6384,2016
28411,6383,2018
28117,6375,2020
28079,6365,2019
27292,6360,2020
27215,6354,2016
28054,6347,2017
28226,6338,2020
28052,6334,2019
27530,6328,2017
28803,6328,2021
27530,6323,2021
27292,6312,2018
28803,6307,2020
27292,6298,2017
28079,6295,2016
28203,6290,2021
28117,6275,2017
28092,6270,2017
27215,6268,2017
28115,6266,2019
28092,6256,2016
28451,6250,2021
28052,6231,2020
28117,6217,2016
28411,6211,2021
28203,6206,2020
28451,6206,2020
28803,6197,2016
28226,6195,2021
27530,6192,2020
28052,6191,2016
28625,6189,2021
28052,6161,2021
28405,6158,2019
27320,6148,2019
27295,6142,2020
28209,6130,2020
27401,6109,2018
28303,6100,2020
28405,6098,2021
27292,6094,2016
27302,6080,2021
28562,6072,2017
27292,6046,2019
27511,6046,2016
28211,6046,2021
28411,6039,2017
28278,6032,2020
28562,6029,2018
28358,6027,2021
27545,6024,2019
28115,6023,2020
28211,6018,2020
28115,6014,2016
27332,6007,2020
27320,6006,2017
27295,6005,2016
27534,6000,2016
28278,5964,2019
28209,5963,2019
27320,5947,2018
27401,5917,2017
28115,5899,2018
28409,5889,2020
27511,5879,2020
28115,5878,2017
28405,5871,2016
28303,5851,2019
28562,5836,2016
28411,5817,2016
28056,5813,2020
28405,5810,2020
27401,5802,2016
27295,5798,2018
27511,5784,2017
28677,5778,2017
27511,5777,2018
28211,5777,2017
28209,5770,2021
28270,5769,2016
28209,5762,2018
28405,5762,2018
27511,5757,2019
27332,5753,2021
27527,5748,2021
27534,5747,2018
27534,5746,2017
28270,5734,2019
28562,5732,2019
28677,5724,2016
27295,5712,2019
27030,5706,2016
28405,5705,2017
27545,5699,2018
28303,5698,2021
27302,5696,2018
27545,5694,2020
27534,5692,2019
27320,5689,2020
28211,5689,2019
27302,5685,2020
28278,5674,2018
27295,5670,2017
27302,5654,2017
28303,5647,2018
28211,5645,2016
28211,5643,2018
28056,5639,2019
28677,5632,2021
28270,5631,2017
27302,5625,2019
27701,5614,2021
27332,5601,2018
27332,5598,2017
27302,5597,2016
27332,5597,2016
27332,5588,2019
27295,5571,2021
28056,5570,2021
27262,5566,2020
28303,5566,2016
28056,5556,2018
27511,5555,2021
28409,5546,2018
28081,5538,2020
28677,5537,2019
28270,5535,2018
27205,5530,2020
28081,5521,2021
27614,5515,2018
27205,5511,2019
27614,5502,2017
27205,5500,2018
28209,5497,2017
28409,5497,2019
28451,5495,2019
27804,5491,2016
28270,5491,2021
27545,5466,2017
28303,5457,2017
27804,5455,2020
28390,5447,2017
27030,5446,2017
28390,5440,2016
28451,5432,2018
28390,5428,2019
28562,5427,2021
28677,5423,2018
27534,5402,2020
28792,5400,2021
27205,5397,2016
27804,5394,2021
28677,5390,2020
27614,5389,2016
27205,5378,2021
28562,5372,2020
28209,5356,2016
27614,5350,2020
28451,5329,2017
28056,5316,2016
28390,5314,2020
27205,5313,2017
27614,5307,2021
28409,5304,2021
27030,5303,2019
27030,5302,2018
27701,5301,2017
27260,5300,2016
27701,5289,2016
28390,5284,2021
28270,5279,2020
27804,5272,2018
27253,5270,2021
28056,5268,2017
28792,5260,2018
27030,5259,2020
28792,5248,2020
27320,5247,2021
27030,5245,2021
27617,5240,2019
27701,5238,2020
27804,5236,2017
28203,5232,2019
28326,5224,2021
28390,5217,2018
28451,5198,2016
28602,5195,2016
27701,5190,2018
27701,5187,2019
27545,5174,2016
27104,5159,2016
28602,5146,2018
27614,5144,2019
27804,5100,2019
27253,5079,2020
27260,5079,2017
28278,5079,2017
28081,5078,2016
28278,5070,2016
27101,5062,2020
27101,5036,2021
28409,5028,2017
28715,5027,2021
28602,5023,2017
27253,5016,2019
28792,5016,2019
28326,5007,2019
28752,5007,2020
27104,4980,2020
27260,4966,2018
28146,4962,2021
28792,4957,2016
28590,4943,2020
28752,4943,2021
28792,4942,2017
27104,4935,2019
27597,4932,2021
28409,4932,2016
28602,4932,2020
27403,4911,2021
28590,4910,2016
27262,4903,2018
27617,4899,2018
27253,4887,2016
28104,4886,2021
27617,4885,2017
27104,4883,2021
28326,4870,2018
27262,4867,2019
27455,4866,2016
28083,4864,2019
28401,4855,2020
27253,4852,2018
28326,4852,2020
28532,4849,2016
28602,4840,2021
27597,4835,2020
27617,4833,2020
28144,4826,2017
28203,4809,2018
27534,4806,2021
28602,4799,2019
27104,4778,2018
28081,4777,2019
28532,4773,2020
28328,4769,2017
27244,4764,2020
27244,4755,2019
28144,4752,2016
28328,4752,2016
28144,4747,2018
27617,4726,2021
28104,4726,2020
28752,4726,2019
28560,4724,2021
27262,4711,2021
27253,4700,2017
28144,4697,2019
28104,4694,2019
28532,4687,2019
28401,4686,2019
27617,4685,2016
28560,4684,2020
27104,4683,2017
28590,4677,2021
28081,4671,2017
28081,4671,2018
28083,4670,2018
28086,4670,2021
28590,4670,2017
28532,4669,2017
28401,4666,2017
27260,4661,2019
28031,4644,2016
28752,4639,2017
27244,4636,2018
28144,4635,2021
28752,4633,2016
28150,4628,2016
28752,4627,2018
27510,4621,2017
28658,4612,2018
27527,4604,2020
28144,4598,2020
28532,4597,2018
28715,4597,2020
27539,4595,2021
28083,4583,2020
28590,4579,2019
28326,4569,2017
28031,4568,2017
28401,4562,2018
28328,4557,2018
27510,4555,2016
27262,4553,2017
27262,4549,2016
28658,4545,2017
28031,4543,2018
28328,4535,2019
28104,4518,2018
28307,4518,2016
28307,4517,2017
28104,4511,2016
28560,4499,2016
28590,4496,2018
28031,4490,2019
28112,4482,2021
27455,4480,2017
27546,4475,2020
27244,4472,2021
28152,4470,2016
28150,4469,2017
28086,4456,2020
28083,4446,2021
28104,4445,2017
28083,4443,2017
27870,4435,2016
28560,4434,2019
28146,4432,2020
27527,4428,2019
28031,4428,2021
28112,4426,2019
28083,4425,2016
28112,4423,2020
28560,4417,2018
28012,4413,2019
28334,4409,2016
28401,4408,2021
28658,4400,2019
28715,4397,2017
28001,4395,2018
28307,4393,2018
28001,4370,2017
28152,4370,2018
27870,4358,2017
28202,4355,2020
28152,4354,2017
28001,4353,2016
28146,4348,2016
27455,4347,2018
28012,4338,2021
27546,4332,2018
27409,4330,2019
27546,4323,2017
28307,4308,2019
28401,4298,2016
28379,4297,2017
27577,4292,2019
27510,4290,2018
27510,4288,2019
27012,4287,2019
28146,4286,2017
28352,4285,2018
28532,4285,2021
28112,4279,2018
27546,4270,2019
28658,4268,2016
28379,4265,2019
28352,4261,2019
28379,4261,2016
27510,4258,2020
28031,4258,2020
27260,4253,2020
27409,4252,2018
27260,4245,2021
28352,4233,2017
27455,4229,2021
28715,4226,2016
28001,4221,2020
28012,4221,2020
28203,4221,2017
28150,4212,2018
28203,4208,2016
28804,4208,2021
28112,4207,2017
27539,4203,2019
28112,4203,2016
27409,4200,2017
28147,4200,2017
28328,4200,2020
27537,4198,2016
27012,4196,2017
28146,4194,2018
27517,4193,2021
28658,4188,2020
28146,4187,2019
28326,4186,2016
28804,4185,2020
28202,4184,2019
28152,4169,2021
28379,4168,2018
27012,4167,2020
27278,4167,2016
28560,4167,2017
28352,4166,2016
28723,4164,2018
27546,4162,2016
27870,4161,2018
27870,4160,2019
28715,4159,2018
27244,4158,2017
28804,4153,2016
28202,4149,2021
27409,4146,2020
28001,4146,2019
27517,4145,2017
27203,4141,2020
28804,4132,2019
27012,4122,2018
27455,4122,2019
28307,4112,2020
28152,4110,2019
28379,4109,2020
27409,4107,2016
28012,4106,2018
27203,4102,2021
27889,4096,2019
27101,4092,2019
28334,4092,2017
27517,4089,2019
27278,4086,2017
28147,4077,2016
28120,4071,2021
27537,4069,2017
27263,4065,2016
27517,4063,2020
28723,4061,2019
27510,4056,2021
28147,4055,2018
28328,4042,2021
27591,4032,2018
27889,4031,2017
28613,4030,2021
28086,4028,2017
27517,4026,2016
28012,4021,2017
27889,4019,2018
27263,4017,2017
28334,4014,2018
27539,4012,2018
27889,4009,2016
28723,4002,2020
28734,4001,2020
27278,3996,2021
28715,3994,2019
27028,3986,2021
28379,3985,2021
28681,3983,2016
27501,3982,2020
27577,3982,2020
27244,3981,2016
27278,3979,2020
28352,3978,2020
28001,3977,2021
27455,3973,2020
27012,3972,2021
28334,3971,2019
28804,3965,2017
27539,3962,2020
28734,3960,2021
27101,3954,2017
27527,3953,2018
27028,3950,2017
27278,3944,2018
28574,3944,2020
27577,3938,2018
27801,3936,2016
28086,3935,2019
28574,3934,2021
28613,3934,2020
27549,3931,2019
27501,3929,2021
28086,3929,2016
27028,3925,2019
27263,3920,2018
27527,3907,2017
28120,3907,2017
27028,3904,2016
28334,3904,2020
27549,3901,2016
28150,3901,2019
27101,3900,2018
27028,3896,2020
27801,3893,2017
28723,3893,2017
28804,3891,2018
27012,3884,2016
28120,3883,2020
28086,3877,2018
27517,3875,2018
27549,3873,2017
27203,3870,2017
28120,3869,2018
27409,3866,2021
27203,3864,2016
27870,3858,2021
27288,3856,2021
27549,3856,2020
28012,3854,2016
27501,3847,2016
27549,3844,2018
27597,3844,2017
27278,3839,2019
28613,3832,2019
27539,3829,2017
28681,3827,2020
28120,3819,2019
28152,3816,2020
27889,3813,2020
28150,3812,2020
28681,3806,2017
28202,3805,2018
27101,3802,2016
27591,3802,2021
27028,3800,2018
27577,3798,2021
28681,3793,2019
28723,3790,2021
27501,3784,2017
28723,3783,2016
27537,3778,2018
27591,3777,2016
28147,3775,2021
27870,3760,2020
27597,3759,2019
27501,3751,2018
27591,3740,2019
27577,3721,2016
27546,3718,2021
28681,3716,2018
28202,3708,2017
27591,3706,2017
28734,3706,2019
27889,3693,2021
27501,3680,2019
28352,3679,2021
28681,3677,2021
27597,3676,2016
27565,3671,2016
27203,3670,2018
28734,3670,2016
28202,3668,2016
27577,3667,2017
28658,3663,2021
27288,3656,2017
27203,3655,2019
28613,3655,2016
28043,3641,2020
28787,3637,2021
28301,3636,2016
28613,3636,2017
28043,3633,2021
28120,3633,2016
28734,3612,2017
27263,3609,2019
28574,3609,2019
28734,3609,2018
28075,3606,2021
28704,3599,2020
28659,3595,2021
27288,3594,2020
28147,3585,2020
27597,3584,2018
28704,3584,2021
28147,3579,2019
28036,3578,2021
27549,3576,2021
28613,3575,2018
28659,3573,2020
27537,3561,2019
28307,3545,2021
28150,3541,2021
28301,3526,2017
27565,3524,2018
27288,3507,2019
27288,3506,2018
27263,3490,2021
27288,3487,2016
27539,3483,2016
28301,3477,2018
28659,3473,2019
27565,3470,2019
28301,3459,2020
27565,3451,2021
28443,3449,2021
28334,3447,2021
27801,3446,2018
27801,3443,2019
27801,3425,2020
27565,3423,2020
28301,3419,2021
28443,3418,2020
28574,3416,2018
28034,3401,2021
27263,3394,2020
27537,3392,2021
27565,3388,2017
27536,3382,2020
27801,3382,2021
27886,3370,2018
27803,3360,2017
28539,3359,2019
27896,3356,2019
27527,3337,2016
27537,3335,2020
28659,3323,2018
27886,3313,2019
28539,3312,2020
28472,3309,2020
28570,3306,2019
27712,3305,2020
27592,3304,2017
27803,3300,2016
28704,3299,2017
28574,3292,2016
28570,3291,2020
28372,3286,2017
27591,3283,2020
27886,3283,2016
28504,3282,2016
28301,3275,2019
27896,3272,2016
28539,3272,2016
27576,3269,2018
28075,3263,2020
27282,3259,2018
28570,3256,2016
28574,3243,2017
28043,3241,2018
28659,3241,2017
27592,3239,2016
27576,3238,2016
28036,3238,2020
28570,3238,2018
28704,3228,2018
28805,3225,2018
28570,3224,2017
28704,3215,2016
27896,3205,2018
28805,3201,2019
27896,3200,2020
28805,3190,2021
28472,3188,2021
28037,3186,2020
27576,3184,2017
28704,3183,2019
28539,3172,2018
27282,3167,2017
27282,3167,2019
27576,3162,2020
27886,3160,2017
27344,3154,2017
28036,3152,2019
27896,3150,2017
27596,3146,2017
28075,3146,2019
27596,3138,2018
28539,3135,2021
28787,3135,2020
28075,3134,2018
28043,3131,2019
28372,3129,2019
27536,3127,2019
27536,3123,2021
27312,3115,2021
27344,3115,2016
28539,3111,2017
28779,3110,2020
27518,3104,2018
28043,3104,2016
28327,3101,2021
28372,3099,2018
28570,3094,2021
28139,3092,2018
27344,3091,2018
28786,3088,2020
28204,3085,2021
28037,3080,2021
28036,3079,2018
28472,3073,2019
28805,3072,2017
27803,3066,2018
28786,3065,2016
27518,3064,2017
28443,3064,2019
27282,3061,2016
28501,3055,2021
27886,3054,2020
28801,3054,2019
28732,3051,2020
27592,3048,2018
27576,3047,2021
27596,3044,2016
28443,3044,2016
28034,3040,2016
28036,3040,2016
28365,3040,2017
28779,3038,2021
28139,3036,2019
28365,3035,2016
28043,3030,2017
28801,3027,2016
27344,3026,2019
27536,3024,2018
28801,3022,2017
27896,3019,2021
28034,3018,2020
27408,3016,2017
27518,3015,2016
28732,3010,2019
27344,3009,2020
28504,2999,2017
28312,2998,2018
27576,2993,2019
28801,2992,2020
28472,2988,2016
27408,2984,2016
28372,2984,2020
28805,2984,2020
28630,2983,2016
28443,2982,2018
28630,2982,2017
28787,2982,2019
27317,2976,2021
28786,2973,2019
28801,2965,2018
28372,2959,2021
27536,2955,2017
27518,2953,2021
28139,2952,2017
28659,2951,2016
28786,2948,2017
28630,2945,2019
28786,2945,2021
27712,2938,2019
28075,2932,2017
27408,2931,2019
28472,2928,2018
27596,2927,2019
28037,2926,2017
28630,2925,2018
27856,2923,2021
28312,2920,2019
28504,2920,2020
27712,2917,2017
28034,2911,2017
28036,2911,2017
28732,2910,2018
27592,2904,2019
27712,2904,2021
27712,2902,2018
28037,2902,2016
28501,2902,2020
28034,2899,2018
28139,2898,2016
28712,2893,2018
28504,2892,2018
27214,2888,2021
28075,2888,2016
28779,2888,2019
28732,2886,2016
27536,2880,2016
27282,2877,2020
28732,2877,2021
28037,2875,2019
28501,2870,2016
28501,2870,2017
28139,2868,2020
28801,2866,2021
27803,2864,2019
28312,2863,2016
28551,2863,2017
28786,2862,2018
28387,2860,2020
27518,2857,2019
27596,2857,2020
28630,2857,2020
28472,2854,2017
27592,2852,2021
28365,2849,2018
27408,2846,2018
27592,2845,2020
28327,2841,2019
28739,2834,2019
28364,2829,2016
27344,2828,2021
28779,2827,2018
28712,2826,2019
28327,2825,2020
28501,2825,2018
28732,2824,2017
27312,2821,2020
27712,2821,2016
28312,2820,2017
28547,2817,2018
27856,2815,2020
28504,2813,2019
28551,2813,2018
28312,2811,2020
27021,2810,2020
28501,2810,2019
28364,2807,2018
28547,2806,2020
28372,2803,2016
28387,2799,2021
28547,2797,2017
28712,2792,2017
28779,2788,2017
27596,2786,2021
28312,2781,2021
28443,2780,2017
28779,2770,2016
28630,2768,2021
28504,2767,2021
28034,2762,2019
28206,2760,2016
27317,2750,2020
28712,2748,2016
28805,2746,2016
27803,2745,2021
27601,2741,2020
28360,2733,2016
28206,2732,2018
27601,2729,2021
28787,2728,2018
27021,2726,2019
28206,2724,2019
28139,2720,2021
28360,2719,2019
27524,2715,2021
28364,2715,2017
28204,2713,2020
28551,2709,2019
28739,2708,2018
28360,2706,2018
28206,2705,2017
28712,2700,2020
27525,2699,2016
27408,2694,2020
27886,2694,2021
28037,2693,2018
28016,2690,2017
28327,2686,2018
28016,2684,2019
27021,2682,2017
27312,2682,2016
28206,2674,2021
28364,2660,2019
28716,2658,2018
28712,2655,2021
27021,2654,2018
28387,2648,2018
28716,2644,2017
27021,2643,2016
28787,2636,2016
28360,2634,2020
28716,2624,2020
28021,2611,2020
27863,2609,2020
27312,2605,2018
28716,2598,2016
28551,2597,2016
28716,2591,2021
28739,2576,2017
27408,2575,2021
27317,2572,2016
28327,2572,2016
27312,2571,2019
27856,2566,2019
27524,2560,2020
28716,2559,2019
28023,2558,2021
28387,2555,2019
28547,2555,2019
27282,2553,2021
28360,2553,2017
28787,2552,2017
27525,2550,2017
27412,2549,2021
27518,2537,2020
27214,2526,2020
28206,2526,2020
28315,2521,2016
28021,2519,2021
28365,2518,2019
27312,2509,2017
27523,2507,2021
28016,2502,2018
27525,2498,2019
28364,2497,2020
27601,2495,2019
28739,2492,2020
27803,2488,2020
28315,2486,2017
27317,2483,2019
28016,2479,2016
27021,2477,2021
27601,2477,2018
27317,2471,2018
27856,2470,2018
28315,2439,2018
28327,2430,2017
27358,2424,2020
28778,2424,2017
27863,2422,2017
28551,2422,2020
28551,2422,2021
27504,2420,2018
27525,2419,2018
27522,2415,2020
28377,2412,2020
27317,2410,2017
28547,2410,2016
28739,2404,2021
27504,2396,2016
28164,2395,2016
28360,2391,2021
28164,2388,2020
28365,2381,2020
28164,2376,2017
28016,2375,2020
28697,2375,2020
28023,2374,2020
27504,2373,2019
28315,2362,2019
28714,2362,2020
28134,2361,2021
28714,2360,2018
27504,2355,2017
27504,2351,2021
28387,2349,2017
28377,2347,2017
27055,2346,2017
27522,2345,2021
27863,2345,2021
28778,2342,2020
28906,2340,2019
27524,2336,2019
28906,2336,2018
28164,2333,2019
28778,2332,2016
28134,2330,2019
27525,2329,2021
28174,2329,2021
28134,2327,2018
28174,2326,2020
28748,2322,2017
28364,2315,2021
28906,2315,2017
27525,2310,2020
28748,2310,2016
28714,2308,2017
28023,2307,2019
28714,2307,2019
27892,2301,2016
27370,2298,2018
27892,2293,2021
28315,2292,2020
28714,2292,2021
27522,2291,2019
28377,2276,2018
27055,2274,2016
28164,2263,2021
27601,2259,2017
27055,2256,2018
28714,2249,2016
27892,2247,2019
28204,2246,2019
28023,2242,2017
28345,2242,2020
27910,2241,2017
27892,2238,2018
27892,2238,2020
28164,2238,2018
28023,2236,2018
27358,2234,2021
27055,2233,2020
28739,2231,2016
27524,2224,2017
27524,2223,2016
28461,2222,2019
28174,2217,2016
28748,2213,2018
27910,2210,2016
28557,2201,2016
28377,2199,2019
28584,2190,2016
28016,2188,2021
28778,2187,2019
27892,2185,2017
28174,2185,2019
27863,2180,2019
27863,2177,2016
28461,2177,2018
28778,2177,2018
28134,2175,2020
27523,2174,2019
28023,2173,2016
28906,2172,2016
28134,2170,2017
27863,2169,2018
28461,2169,2020
28377,2168,2016
27601,2167,2016
27856,2167,2017
27504,2163,2020
28612,2163,2018
28748,2163,2019
28345,2161,2021
27573,2159,2020
27524,2158,2018
28457,2157,2020
28547,2153,2021
28697,2149,2019
28315,2139,2021
28612,2139,2017
27856,2137,2016
28906,2130,2020
28697,2128,2018
28906,2127,2021
28021,2123,2018
27358,2117,2018
28021,2116,2019
28557,2114,2021
27055,2113,2021
27573,2113,2016
28174,2110,2017
27574,2104,2021
28166,2098,2020
27023,2089,2021
27573,2085,2017
28557,2085,2017
28778,2085,2021
27523,2084,2020
28697,2084,2016
27573,2083,2019
27370,2082,2019
27958,2081,2020
28460,2080,2016
27358,2077,2019
28638,2077,2021
27522,2076,2018
27608,2067,2016
28461,2065,2017
28697,2061,2021
28174,2050,2018
28638,2050,2020
27574,2049,2016
28584,2044,2017
27522,2041,2017
27574,2041,2017
28460,2038,2017
28021,2034,2017
27023,2033,2020
27574,2027,2018
28207,2026,2020
28557,2026,2018
28387,2025,2016
28612,2023,2016
28612,2022,2020
28166,2018,2021
27370,2015,2017
28377,2013,2021
28697,2007,2017
28457,2005,2021
27249,2004,2018
28207,2004,2019
27605,2002,2021
27522,2000,2016
27370,1999,2021
28457,1997,2017
28457,1997,2019
27958,1995,2021
28365,1993,2021
28791,1993,2021
28170,1992,2018
28021,1991,2016
28791,1988,2016
28170,1987,2020
28557,1987,2019
28791,1986,2020
27249,1985,2016
27608,1985,2021
28207,1983,2017
28612,1983,2019
27910,1981,2018
28791,1981,2019
28711,1980,2018
27055,1976,2019
28584,1974,2021
28207,1973,2016
28207,1971,2018
27370,1970,2020
28345,1970,2018
28461,1970,2016
27006,1965,2016
27910,1965,2020
28721,1965,2019
28204,1961,2018
28461,1961,2021
27573,1960,2018
28457,1955,2018
28345,1954,2019
27958,1953,2019
28345,1953,2016
28134,1948,2016
28457,1947,2016
27932,1946,2018
27608,1945,2017
27249,1943,2019
28337,1940,2017
28345,1939,2017
28791,1938,2017
27249,1935,2017
27006,1934,2017
28333,1933,2018
28333,1933,2020
28791,1933,2018
27910,1929,2019
28638,1929,2019
27932,1928,2017
28333,1926,2019
27608,1925,2020
27006,1924,2020
28374,1923,2021
28721,1923,2018
27523,1922,2018
28584,1922,2020
28460,1919,2021
28711,1915,2019
28384,1913,2016
28333,1912,2016
28748,1911,2020
28711,1910,2017
28170,1909,2017
28711,1907,2016
27370,1898,2016
28557,1896,2020
27708,1891,2021
28584,1890,2018
27214,1889,2019
27910,1888,2021
28337,1888,2020
27948,1885,2021
27006,1881,2021
28748,1879,2021
27358,1878,2016
27574,1878,2020
27377,1877,2019
27006,1875,2018
28513,1874,2016
28223,1867,2021
28460,1867,2020
27948,1866,2020
27608,1865,2019
28425,1862,2017
28721,1862,2020
28612,1859,2021
28170,1856,2021
27573,1855,2021
27574,1847,2019
28460,1846,2019
27040,1844,2021
27608,1844,2018
27249,1841,2020
27958,1840,2018
28170,1840,2016
28170,1838,2019
28103,1835,2018
28333,1835,2021
28333,1833,2017
28460,1833,2018
27358,1827,2017
27605,1827,2020
28650,1824,2016
28425,1817,2019
27523,1811,2017
28754,1811,2019
27025,1810,2017
28470,1809,2019
28425,1803,2016
27932,1797,2016
28425,1796,2018
28384,1786,2017
27006,1781,2019
27523,1781,2016
28610,1780,2016
27932,1777,2019
27948,1777,2018
28513,1775,2017
27948,1769,2019
27377,1766,2021
28374,1766,2020
28470,1762,2016
28650,1758,2017
28584,1752,2019
27040,1740,2020
27557,1740,2020
27023,1736,2018
28103,1735,2016
27932,1734,2020
28384,1732,2018
28580,1729,2019
28204,1728,2017
27948,1727,2017
28580,1724,2020
28754,1723,2020
28518,1721,2020
27052,1717,2016
28337,1715,2016
28166,1714,2016
27052,1712,2018
28580,1710,2018
28754,1707,2018
27025,1705,2016
28103,1705,2017
28721,1697,2021
27605,1696,2019
27932,1696,2021
28580,1695,2017
28103,1694,2019
27958,1692,2016
28470,1681,2017
28621,1678,2019
27045,1677,2020
28204,1677,2016
27377,1675,2017
28384,1669,2019
28337,1665,2018
28337,1662,2019
27052,1661,2017
27357,1660,2021
28462,1660,2018
28711,1658,2021
28374,1657,2019
27214,1656,2016
27958,1656,2017
28711,1655,2020
28513,1654,2018
27948,1653,2016
28719,1653,2017
28638,1652,2018
27249,1651,2021
28610,1651,2021
28470,1649,2020
27298,1646,2019
27301,1645,2016
28168,1645,2021
27377,1644,2018
28462,1644,2019
27052,1641,2019
28425,1637,2020
27040,1634,2019
28340,1633,2020
28462,1632,2020
27542,1627,2020
28168,1623,2016
28518,1619,2019
27023,1616,2017
28138,1612,2019
27023,1611,2019
28544,1610,2017
27298,1609,2018
28610,1609,2017
27214,1608,2018
28168,1607,2020
27023,1606,2016
28518,1605,2018
27045,1604,2021
28516,1604,2018
28650,1604,2021
28340,1603,2016
27298,1601,2017
28753,1600,2017
28168,1597,2017
27944,1596,2016
28516,1596,2016
28518,1595,2017
28462,1594,2021
28719,1594,2018
28754,1593,2016
28754,1589,2017
27542,1588,2021
28138,1585,2021
28462,1585,2016
27025,1584,2018
27214,1584,2017
28610,1584,2019
27377,1581,2020
28103,1579,2021
28166,1577,2018
27052,1575,2020
28374,1575,2017
28516,1575,2017
28721,1575,2017
28753,1575,2016
28543,1569,2021
28650,1569,2018
27298,1564,2020
27298,1563,2016
28621,1563,2018
27371,1560,2017
27542,1558,2017
27944,1556,2018
28518,1556,2016
27040,1551,2016
28384,1550,2020
27828,1549,2017
28320,1548,2018
28516,1548,2020
28580,1548,2016
28719,1548,2016
28721,1547,2016
28340,1546,2017
27944,1543,2017
28604,1543,2020
28516,1541,2019
28604,1536,2021
28650,1536,2019
28610,1530,2020
28754,1530,2021
27017,1529,2021
28543,1529,2018
28340,1528,2021
28383,1528,2016
28470,1524,2021
27371,1523,2018
28166,1521,2017
28470,1521,2018
28543,1519,2019
28374,1518,2016
27110,1515,2019
27357,1515,2018
27298,1514,2021
27542,1511,2018
28320,1511,2021
28621,1510,2021
28166,1508,2019
27110,1505,2020
27605,1504,2018
28138,1504,2020
28543,1504,2017
27040,1503,2017
27109,1500,2020
27828,1498,2016
28040,1498,2016
28320,1497,2016
28320,1497,2017
28398,1497,2020
28462,1495,2017
28621,1495,2017
28753,1494,2018
28107,1493,2019
28340,1493,2019
27822,1492,2020
28103,1492,2020
27828,1490,2020
27017,1489,2020
28604,1489,2017
28466,1488,2016
27357,1486,2019
28544,1485,2018
28513,1483,2019
27357,1482,2020
27828,1481,2018
28374,1481,2018
27017,1478,2017
27944,1478,2019
27605,1476,2017
28621,1476,2016
27040,1474,2018
28320,1473,2020
28425,1473,2021
28730,1472,2016
28543,1471,2016
28516,1470,2021
27045,1469,2019
27045,1468,2018
28580,1468,2021
27301,1463,2021
27557,1463,2021
28383,1463,2018
28604,1461,2018
28621,1461,2020
28168,1457,2018
28604,1457,2019
28610,1455,2018
28138,1454,2017
27301,1453,2018
27371,1452,2016
27017,1449,2016
28340,1446,2018
28650,1446,2020
27828,1444,2019
28753,1444,2021
27109,1441,2019
27109,1440,2021
28638,1436,2017
28719,1436,2019
28138,1435,2018
27045,1434,2017
28544,1433,2016
27048,1432,2016
27882,1420,2019
28320,1419,2019
27301,1417,2017
27052,1415,2021
28383,1415,2017
28463,1415,2016
27045,1414,2016
28207,1413,2021
27017,1412,2019
27017,1410,2018
27048,1409,2021
27110,1408,2016
27962,1405,2017
28168,1405,2019
27041,1402,2017
28730,1401,2017
27301,1397,2019
28753,1397,2019
28107,1395,2020
28466,1395,2020
27041,1393,2016
27571,1392,2021
27557,1391,2019
27025,1390,2019
28040,1389,2017
28138,1388,2016
27569,1386,2019
27569,1385,2020
28690,1384,2020
28398,1380,2019
28384,1379,2021
27258,1378,2020
28383,1378,2019
27110,1372,2018
27505,1372,2021
28638,1371,2016
28445,1369,2021
27025,1364,2020
28107,1363,2021
27605,1361,2016
27109,1357,2018
27048,1356,2020
27542,1356,2016
27944,1354,2021
28753,1349,2020
28386,1345,2020
27823,1344,2020
27109,1339,2016
27051,1337,2016
27823,1336,2019
28761,1336,2017
28337,1335,2021
27822,1334,2019
28518,1334,2021
27569,1333,2021
27823,1333,2017
28543,1332,2020
28107,1331,2017
27025,1330,2021
27048,1329,2017
27962,1326,2018
27822,1325,2018
27823,1325,2016
27822,1324,2021
27962,1323,2019
27371,1321,2020
27569,1321,2018
27569,1320,2016
27048,1318,2019
28429,1318,2020
27962,1317,2016
27944,1316,2020
28466,1310,2017
28572,1310,2018
27377,1306,2016
27109,1304,2017
28080,1301,2016
27258,1300,2021
27589,1300,2017
27837,1296,2020
27542,1295,2019
28713,1295,2020
27882,1294,2021
27571,1293,2019
27882,1292,2016
28719,1291,2020
28761,1289,2016
27376,1287,2019
28604,1286,2016
27822,1285,2017
28445,1284,2018
27051,1283,2021
27258,1282,2019
28386,1282,2019
28771,1281,2020
28383,1279,2020
28107,1277,2018
27954,1274,2019
28114,1274,2021
28429,1274,2021
28730,1274,2018
28578,1273,2017
27316,1272,2019
28080,1269,2017
28690,1269,2019
28080,1267,2019
27051,1265,2020
27357,1262,2017
28701,1262,2021
27589,1261,2016
28398,1261,2021
28701,1256,2020
27882,1255,2018
28382,1255,2021
27521,1252,2021
28544,1250,2019
27048,1249,2018
28429,1248,2016
28713,1248,2021
27589,1246,2019
28371,1245,2016
27376,1244,2017
27855,1244,2018
27521,1242,2018
28690,1242,2021
27882,1241,2017
27041,1240,2018
27371,1240,2019
28904,1239,2021
27589,1236,2018
28445,1236,2019
28777,1236,2019
28586,1232,2019
27521,1230,2016
27521,1230,2020
27569,1229,2017
28382,1228,2020
28386,1228,2017
27521,1227,2019
28080,1227,2020
28466,1227,2018
28386,1224,2021
27357,1223,2016
28080,1222,2018
27521,1220,2017
28114,1220,2019
28371,1219,2017
28386,1218,2016
28466,1217,2019
27301,1215,2020
27371,1214,2021
27823,1214,2018
27828,1214,2021
27299,1213,2020
28586,1213,2020
28777,1213,2016
27376,1212,2020
28398,1212,2018
27051,1210,2017
28445,1210,2017
28713,1210,2018
28114,1209,2016
28431,1208,2017
28513,1208,2020
28904,1206,2020
28339,1203,2018
27018,1202,2019
27316,1202,2017
28463,1202,2017
28383,1201,2021
28771,1201,2021
28690,1199,2018
27505,1198,2020
28777,1196,2017
28544,1193,2020
27855,1191,2016
27376,1189,2016
28713,1188,2019
28777,1186,2018
28777,1186,2021
27571,1185,2020
28544,1185,2021
27043,1183,2018
27571,1181,2017
27239,1179,2016
28713,1179,2016
27557,1178,2018
28445,1178,2016
27110,1175,2021
28114,1175,2020
28719,1175,2021
28572,1172,2017
27051,1171,2019
27807,1170,2016
28530,1170,2021
28586,1170,2016
27882,1169,2020
28398,1169,2016
28690,1169,2017
28586,1166,2021
28771,1166,2019
28431,1164,2016
27376,1161,2018
28431,1161,2019
28463,1161,2018
28398,1159,2017
28771,1159,2017
27572,1158,2020
28107,1158,2016
28771,1156,2018
27041,1155,2019
27583,1154,2021
27110,1153,2017
27316,1153,2016
28422,1153,2018
28904,1153,2016
27041,1151,2021
27807,1151,2017
28530,1151,2016
28904,1151,2018
28040,1150,2018
28080,1150,2021
28429,1149,2017
28657,1149,2016
27258,1147,2017
27572,1147,2019
28386,1147,2018
27817,1146,2018
28128,1146,2020
27313,1145,2016
28090,1145,2016
28731,1142,2020
27051,1140,2018
27557,1139,2016
27983,1139,2021
28572,1139,2016
28578,1139,2016
28128,1138,2021
27258,1137,2018
28771,1137,2016
27299,1136,2019
27695,1136,2021
28382,1136,2018
28530,1135,2017
28578,1133,2019
28458,1132,2016
28479,1132,2019
28382,1131,2019
27041,1130,2020
28391,1130,2020
27043,1129,2016
27571,1129,2018
27018,1128,2020
28339,1126,2016
28730,1126,2019
28761,1126,2018
27817,1124,2020
28431,1124,2018
28371,1123,2020
28466,1122,2021
28657,1122,2017
27239,1121,2017
27299,1121,2018
27013,1120,2020
27316,1119,2021
28391,1116,2021
28694,1116,2016
28713,1116,2017
28730,1116,2020
27325,1115,2020
28777,1115,2020
27316,1114,2018
27954,1114,2021
28428,1114,2019
27043,1112,2019
27837,1112,2016
28479,1110,2016
28690,1110,2016
28467,1108,2020
28761,1108,2021
28904,1108,2019
28073,1106,2019
28458,1106,2017
28114,1103,2018
28371,1103,2018
27855,1102,2019
28431,1102,2020
27557,1100,2017
28731,1100,2021
28789,1100,2021
28339,1099,2017
28339,1098,2020
28572,1098,2020
27817,1097,2017
28785,1095,2021
28731,1090,2016
28428,1089,2018
27316,1086,2020
28127,1086,2018
27983,1085,2020
28371,1085,2019
27823,1084,2021
28761,1084,2019
27954,1083,2020
27313,1082,2017
28090,1082,2019
28578,1082,2018
27239,1081,2018
27018,1079,2021
28904,1079,2017
27572,1078,2021
27855,1077,2017
28785,1076,2017
28090,1075,2018
28422,1074,2017
28586,1074,2017
27043,1073,2017
28073,1072,2021
28127,1068,2016
27583,1067,2019
27258,1064,2016
27583,1064,2018
27962,1064,2020
27505,1063,2019
27817,1063,2016
28128,1063,2019
27583,1060,2016
28429,1060,2018
28657,1060,2019
28759,1060,2016
27505,1059,2016
28127,1059,2017
28445,1059,2020
28458,1058,2018
28097,1057,2021
28128,1057,2016
28339,1057,2019
27837,1056,2018
27837,1056,2019
27954,1056,2016
27983,1055,2016
28731,1055,2017
27807,1054,2020
27822,1054,2016
27954,1053,2018
28479,1053,2017
28513,1053,2021
27954,1052,2017
27855,1051,2020
28382,1051,2017
27018,1050,2016
27807,1050,2019
27837,1050,2017
28090,1050,2020
27817,1048,2019
28114,1047,2017
27248,1046,2016
28651,1045,2017
28428,1041,2016
27325,1039,2019
28128,1039,2017
28657,1035,2018
28785,1035,2016
28731,1034,2018
28731,1034,2019
27043,1033,2020
28479,1033,2021
27350,1032,2019
27583,1032,2017
27589,1032,2020
28422,1028,2016
28458,1028,2019
28124,1026,2017
28761,1026,2020
27299,1025,2017
27325,1025,2021
28339,1025,2021
28422,1025,2019
27376,1024,2021
28127,1024,2019
27571,1022,2016
28651,1020,2016
27239,1019,2019
27505,1019,2017
28642,1016,2016
27013,1011,2021
27310,1007,2016
28467,1007,2021
27018,1006,2018
27983,1006,2017
28479,1005,2020
28572,1005,2019
28705,1004,2016
27572,1003,2018
27807,1003,2018
27855,1003,2021
28129,1003,2021
27983,1002,2019
28705,1002,2020
28530,1001,2019
28785,1000,2019
28530,999,2018
28394,998,2016
28467,996,2018
28323,995,2020
28657,990,2020
28759,990,2017
27239,987,2020
27817,987,2021
28090,987,2017
28305,987,2016
28341,987,2019
28422,987,2020
28785,987,2018
27018,986,2017
27983,986,2018
28586,986,2018
28463,984,2019
27248,983,2017
27313,983,2020
28371,983,2021
28310,981,2021
28391,981,2019
28040,980,2019
28382,980,2016
27583,979,2020
27299,978,2021
28694,978,2021
27350,976,2017
27043,975,2021
27243,975,2021
28127,975,2021
28124,973,2020
28759,972,2021
28768,972,2019
28428,971,2021
28572,970,2021
27310,969,2017
27891,969,2018
28705,968,2021
28073,967,2020
27341,966,2017
28124,966,2021
28129,966,2020
27013,964,2019
27013,962,2018
28578,961,2020
28694,961,2017
27013,960,2017
28433,960,2018
28651,960,2018
28730,960,2021
28759,959,2018
28124,956,2018
28040,955,2020
27962,953,2021
28305,953,2017
28726,949,2021
27807,947,2021
28694,947,2019
27891,946,2017
28768,944,2018
28428,940,2017
28657,940,2021
27562,938,2021
27310,937,2020
28428,937,2020
27325,935,2017
27299,933,2016
28705,933,2017
28705,931,2018
28128,930,2018
28429,930,2019
27349,929,2021
27013,928,2016
27572,928,2017
28163,928,2019
28555,928,2020
27379,927,2018
28609,927,2019
28762,927,2016
28678,926,2018
28351,925,2020
28351,924,2021
28090,922,2021
28124,921,2016
28694,921,2018
27325,920,2016
28768,920,2017
28163,919,2017
28341,917,2020
27313,915,2021
28759,913,2019
27313,912,2019
27505,912,2018
28458,912,2020
27313,911,2018
27243,909,2020
27310,909,2021
27020,908,2017
28431,908,2021
28530,908,2020
28040,906,2021
27325,905,2018
27349,905,2019
28318,905,2016
28759,905,2020
28609,904,2017
28642,904,2017
27350,903,2018
28467,903,2019
27310,902,2018
28391,902,2017
28463,901,2020
27341,900,2016
28163,900,2016
28305,898,2018
28366,897,2018
28391,896,2018
28305,895,2019
28323,895,2019
28394,895,2020
28073,894,2016
28323,894,2021
28694,894,2020
28678,893,2020
28678,892,2019
27350,889,2020
28768,889,2016
28163,887,2020
28785,887,2020
28789,887,2020
28433,886,2021
28675,886,2016
27379,885,2017
27572,885,2016
28675,885,2018
28305,884,2021
28675,883,2017
28768,883,2020
28726,880,2020
28762,880,2018
28901,879,2016
27349,877,2017
27891,876,2016
27248,875,2018
28705,875,2019
28394,873,2017
28097,871,2018
28642,871,2018
27020,870,2016
28163,870,2021
28609,870,2020
27310,869,2019
27562,869,2020
28642,868,2019
28073,867,2017
28127,867,2020
27850,866,2020
27350,865,2016
27589,865,2021
28366,865,2019
28479,865,2018
27020,862,2021
27379,862,2016
27379,861,2019
28338,861,2016
28609,861,2016
28555,860,2019
27349,859,2018
28433,858,2019
28651,857,2019
28341,856,2018
28097,855,2019
27020,854,2019
27306,850,2020
28163,847,2018
27581,846,2021
28609,846,2018
27837,845,2021
28678,845,2021
27850,843,2017
27349,842,2016
28341,842,2016
28097,840,2020
27544,838,2016
28678,838,2017
28673,836,2019
27851,835,2017
28762,833,2019
27544,832,2019
28323,830,2017
28762,829,2017
27864,828,2020
28323,828,2016
27851,827,2016
27851,826,2018
27020,825,2018
27341,825,2018
28341,825,2017
27350,824,2021
27850,824,2018
28351,824,2018
28465,824,2016
27544,823,2018
28768,822,2021
28351,819,2017
28323,817,2018
27011,816,2018
28458,815,2021
27949,814,2019
28305,814,2020
27229,813,2020
28789,813,2019
28675,811,2020
27850,810,2016
27563,809,2021
28555,809,2018
28160,808,2019
28636,808,2016
27306,806,2019
28124,805,2019
28356,804,2016
28722,804,2021
28722,801,2020
27239,800,2021
27949,799,2018
27891,798,2020
28097,798,2017
28394,797,2018
28135,795,2019
28073,794,2018
28726,794,2019
27544,793,2020
28129,793,2019
28555,793,2021
28018,791,2019
28351,791,2019
28901,789,2020
28675,787,2021
28129,784,2018
28351,784,2016
28018,782,2016
28692,782,2021
27851,779,2019
28394,779,2019
27921,778,2017
27020,775,2020
28391,775,2016
28097,774,2016
28673,774,2016
27544,773,2017
27891,773,2019
28782,773,2019
28555,772,2016
28756,772,2018
27850,771,2019
27864,771,2019
28422,771,2021
28636,771,2017
28642,771,2020
27864,770,2018
28356,770,2017
28441,770,2017
28366,769,2017
27229,768,2019
27949,768,2020
28578,767,2021
27011,766,2020
28901,766,2017
28675,762,2019
27341,761,2019
27864,761,2021
28160,759,2020
28670,759,2017
28135,758,2018
27011,757,2016
28634,757,2016
27011,751,2021
28018,751,2017
27229,750,2017
27864,750,2016
28441,750,2021
27949,749,2021
28135,749,2016
28356,749,2019
28433,748,2017
27921,746,2016
27209,745,2018
27810,745,2017
28673,745,2021
28673,744,2017
27011,743,2019
28634,741,2018
27949,740,2017
28634,739,2021
28609,737,2021
28789,737,2017
28129,735,2017
28478,735,2020
28338,734,2018
28478,732,2021
28465,730,2017
27850,729,2021
28651,729,2021
27864,728,2017
28640,728,2019
27229,726,2016
28160,726,2018
28344,726,2018
27209,725,2021
28338,724,2017
27209,722,2019
28673,722,2020
27349,720,2020
27011,718,2017
28135,718,2021
28356,718,2021
28782,717,2017
28341,716,2021
27921,715,2021
28634,715,2019
27581,714,2018
27891,714,2021
28692,714,2020
28129,713,2016
28673,713,2018
27229,712,2021
27949,712,2016
27976,712,2021
27976,710,2019
28356,707,2018
28453,707,2020
28555,707,2017
28098,706,2016
27830,705,2018
28135,704,2017
28670,703,2018
28344,702,2017
28465,702,2018
28634,702,2020
28782,702,2018
28338,701,2019
27229,700,2018
27268,697,2021
27509,697,2020
27581,696,2017
27830,694,2016
28901,693,2021
28366,691,2016
28433,690,2020
28636,689,2018
28789,689,2016
27509,687,2018
27563,687,2020
27851,687,2020
27921,687,2018
28642,687,2021
27209,685,2016
27871,685,2017
28782,685,2020
27509,684,2016
27830,684,2017
27937,684,2020
27880,682,2020
28441,682,2020
27306,679,2016
28160,676,2017
28344,676,2020
28463,676,2021
28478,676,2019
28762,676,2020
27027,675,2016
28478,675,2018
28692,675,2019
27509,674,2017
27581,674,2016
28651,674,2020
27880,673,2021
28678,673,2016
28756,673,2016
27209,671,2020
27243,670,2018
27027,669,2018
28018,669,2018
28098,669,2017
28636,669,2019
28318,668,2017
28453,667,2021
27805,666,2019
27871,666,2020
28433,666,2016
28634,666,2017
28722,666,2019
28756,666,2017
27976,664,2017
28344,664,2016
28119,663,2016
27233,662,2019
27937,662,2018
27581,660,2020
28098,660,2018
27830,659,2021
27809,657,2018
28722,657,2016
27937,656,2017
28456,656,2021
28456,655,2019
28135,654,2020
27248,653,2021
27563,653,2017
27809,653,2016
27937,653,2019
27976,652,2016
27563,651,2016
28366,650,2021
28160,649,2016
27871,648,2019
27976,646,2018
27027,645,2017
27379,645,2020
28692,645,2018
27248,643,2020
27541,643,2016
27544,643,2021
27563,643,2018
27326,642,2021
27233,640,2020
27581,640,2019
27921,640,2020
28469,640,2021
27805,639,2020
28160,639,2021
28344,639,2019
27411,637,2021
28782,637,2016
28344,636,2021
28366,636,2020
28670,635,2019
28722,635,2018
28722,633,2017
28318,632,2018
27509,629,2021
27306,628,2017
27810,628,2016
27830,628,2019
28467,628,2017
28640,624,2017
28456,622,2018
27306,620,2021
27356,620,2016
27810,620,2018
27243,619,2019
28357,619,2016
28635,619,2017
28782,618,2021
27341,617,2021
27924,617,2017
28478,617,2017
27805,616,2016
28456,616,2020
28670,616,2016
27506,615,2021
27976,615,2020
28901,615,2019
27207,614,2020
27509,614,2019
27805,614,2017
27937,614,2016
28640,613,2020
27326,612,2020
28467,611,2016
28441,610,2016
28310,609,2018
27207,608,2021
28465,608,2019
27959,606,2016
27233,604,2021
27379,604,2021
28640,604,2016
28640,604,2018
28726,604,2018
28742,604,2020
27805,601,2018
28441,600,2019
27921,599,2019
28636,599,2020
27541,598,2017
28441,597,2018
28033,596,2019
28901,593,2018
27209,592,2017
28905,592,2021
27306,591,2018
27832,591,2016
27871,591,2018
28453,591,2018
28692,590,2016
28318,588,2019
28469,588,2016
28640,588,2021
28310,587,2017
28420,587,2018
28762,585,2021
28790,581,2016
27851,580,2021
28742,580,2021
27233,579,2018
28098,579,2019
28098,579,2021
28394,579,2021
27050,578,2016
27248,578,2019
27831,578,2016
27924,578,2018
27880,577,2019
27830,576,2020
27871,576,2016
28469,575,2020
28582,575,2018
28643,575,2021
28137,574,2018
28356,573,2020
27924,571,2019
28756,567,2019
28643,566,2019
27839,565,2021
28420,565,2019
28789,565,2018
28088,564,2019
27809,563,2017
27959,563,2018
27233,562,2017
28636,561,2021
27281,560,2020
28032,560,2016
28420,560,2017
28033,559,2018
27027,558,2019
27809,558,2019
28137,558,2019
28420,558,2020
28137,556,2020
28456,556,2017
28605,556,2018
27356,555,2017
28605,555,2017
28643,554,2020
28453,553,2017
28508,553,2019
28373,552,2016
28643,552,2017
27844,551,2016
28338,551,2021
27959,550,2017
28373,549,2017
28635,548,2016
28088,547,2018
28032,546,2021
27281,545,2019
28643,545,2018
28032,544,2018
28676,544,2018
27243,543,2016
28137,541,2017
27810,540,2019
27937,540,2021
28369,538,2017
28585,538,2019
28692,536,2017
27019,535,2018
27810,535,2021
28453,535,2019
28032,534,2017
27883,533,2021
28020,532,2020
28033,532,2017
28098,532,2020
28790,532,2017
28159,531,2018
28369,531,2016
28726,531,2017
28423,529,2016
27024,527,2018
28453,526,2016
27563,525,2019
27852,523,2017
28373,523,2018
27810,522,2020
28357,522,2018
27027,521,2021
28456,521,2016
28756,521,2020
27054,520,2019
27207,520,2017
27207,520,2019
28159,520,2019
28521,519,2019
28119,518,2017
28643,518,2016
27844,517,2017
27874,517,2021
28469,517,2017
28670,517,2020
27874,516,2017
28349,516,2016
28729,516,2016
27050,514,2020
28020,514,2021
28701,514,2019
27024,513,2019
28088,513,2017
27009,512,2021
27844,512,2020
28137,512,2016
27235,511,2018
28088,511,2021
27207,510,2018
27024,509,2017
27243,509,2017
27832,509,2017
28032,509,2020
28585,509,2016
28137,508,2021
28373,508,2019
28464,508,2019
28521,508,2018
28790,507,2018
27541,506,2018
27939,506,2019
27541,505,2019
27924,504,2016
28032,504,2019
28088,504,2020
27880,502,2016
27970,502,2021
28357,502,2017
28369,502,2018
27281,501,2021
27053,500,2020
27816,500,2021
28676,500,2016
28605,499,2020
27883,497,2020
28396,497,2016
28310,496,2019
28521,496,2016
28676,496,2020
28318,495,2020
28756,495,2021
28905,495,2020
27019,493,2019
27809,493,2021
28605,493,2016
27019,491,2016
28684,491,2018
28454,490,2018
27235,489,2021
27874,489,2016
28420,489,2021
28318,487,2021
28605,487,2019
28729,487,2017
27053,486,2021
28676,486,2019
27326,485,2016
28420,485,2016
28676,485,2017
27024,484,2016
27283,484,2018
27874,483,2018
27939,483,2016
27235,482,2019
28017,482,2018
27839,481,2020
28017,481,2016
28454,481,2020
27050,480,2017
28585,480,2018
28017,479,2019
28521,479,2017
28159,478,2017
28088,476,2016
27207,475,2016
27844,475,2021
28159,475,2016
28585,475,2017
27805,474,2021
27890,474,2018
27281,473,2018
28167,473,2017
27925,472,2019
28455,472,2021
27019,471,2017
27235,471,2017
27839,471,2019
28159,471,2020
28582,471,2017
28033,470,2020
28125,470,2020
28454,470,2019
27050,468,2021
28464,468,2020
28465,468,2020
27880,467,2018
28017,466,2017
28582,465,2019
28654,465,2017
27852,464,2016
28396,464,2020
28654,464,2016
27831,463,2020
27939,463,2017
28338,463,2020
27019,460,2020
27939,460,2018
27959,460,2019
28454,460,2017
28626,460,2021
28357,459,2019
28525,459,2018
28525,458,2017
28349,456,2021
28605,456,2021
27839,455,2017
27839,455,2018
27844,454,2018
27924,453,2020
27970,453,2020
27845,452,2019
28478,452,2016
28525,452,2016
28763,452,2021
28670,451,2021
28679,451,2021
28790,451,2020
27852,450,2021
28018,450,2020
28396,450,2017
28665,450,2021
28423,449,2017
28742,449,2019
27233,448,2016
27831,448,2019
27852,448,2020
28349,448,2020
28357,448,2020
27019,447,2021
27054,446,2018
27054,446,2020
27341,446,2020
27871,446,2021
28523,446,2020
27009,445,2020
27925,445,2020
27311,444,2016
27890,444,2020
27939,444,2020
28626,444,2020
27024,442,2020
27883,442,2016
28125,441,2019
27027,440,2020
27281,440,2016
27812,439,2020
28125,439,2018
27283,438,2016
27890,438,2019
28743,438,2021
27844,436,2019
28310,436,2020
27831,435,2021
28274,435,2021
27283,434,2019
27852,434,2018
27235,433,2020
28455,433,2020
28529,433,2016
28525,431,2019
27283,429,2021
27832,429,2018
28033,429,2021
28071,429,2021
28373,429,2020
28465,429,2021
27865,428,2016
28538,428,2021
28617,428,2016
27050,427,2018
28159,427,2021
27007,426,2020
28676,426,2021
28751,426,2021
27053,425,2019
28454,425,2016
28508,425,2020
28529,425,2017
27809,424,2020
28469,424,2018
28743,424,2020
27874,423,2020
28125,423,2021
27050,420,2019
27824,420,2016
27897,420,2020
27970,420,2017
28017,420,2020
28684,420,2016
27888,419,2016
28594,419,2019
27865,418,2020
27880,418,2017
28349,418,2017
27846,417,2018
28525,417,2020
27311,414,2017
27831,414,2017
28017,414,2021
28480,414,2016
27355,413,2016
27883,413,2017
28357,412,2021
28469,412,2019
27311,411,2019
27865,411,2017
28508,411,2018
28523,411,2016
27503,410,2019
28369,410,2019
28454,410,2021
28684,410,2019
28763,410,2017
28790,410,2019
28072,409,2019
28464,409,2018
28464,409,2021
28508,408,2017
27009,407,2019
27839,407,2016
28396,407,2018
27283,405,2020
27852,405,2019
28167,405,2016
28773,405,2016
27846,404,2016
28033,404,2016
28523,404,2017
28684,404,2017
28669,403,2020
28751,403,2020
27878,402,2018
28618,402,2018
28018,401,2021
28709,401,2019
28905,400,2019
27970,399,2016
27846,398,2019
27925,398,2018
28468,398,2017
28585,398,2021
28594,398,2017
28689,398,2020
28763,398,2018
27874,397,2019
28423,397,2019
28523,397,2021
28585,397,2020
28635,397,2018
28594,396,2016
27820,395,2017
27883,395,2019
27890,395,2021
27503,394,2021
27812,394,2021
27883,394,2018
28594,394,2018
27888,393,2021
28905,393,2018
27846,392,2021
28526,392,2017
27326,391,2018
27878,391,2019
27007,390,2018
27283,390,2017
27845,390,2020
27939,390,2021
28020,390,2019
28743,390,2016
28751,390,2019
27007,389,2021
27054,389,2016
27326,389,2017
27355,389,2017
27541,388,2020
28125,388,2016
28654,388,2019
27503,387,2018
28679,387,2020
27356,386,2018
27356,386,2021
27925,386,2016
27846,385,2017
28523,385,2019
27235,384,2016
28385,384,2018
27007,383,2019
27845,383,2018
28618,383,2019
27311,380,2018
27553,380,2020
28125,380,2017
28432,380,2017
28480,379,2017
28523,379,2018
28709,379,2020
27806,378,2017
28396,378,2019
28709,378,2017
27356,377,2019
27888,377,2020
28450,377,2016
28480,377,2018
28701,377,2018
27816,376,2020
27846,376,2020
28538,376,2016
27890,375,2017
27950,375,2021
28071,375,2020
28594,375,2020
28508,374,2016
27326,373,2019
27890,373,2016
27925,373,2017
28521,373,2020
28582,373,2020
28618,373,2017
27054,371,2017
28369,370,2020
27007,369,2017
28091,368,2020
28432,368,2016
28618,368,2016
27888,367,2019
28133,367,2020
28399,366,2016
28617,366,2017
27832,365,2019
27981,365,2020
28635,364,2020
28635,364,2021
28773,364,2017
27806,363,2018
28072,363,2020
28455,363,2019
28538,363,2020
28654,363,2020
28660,363,2016
28709,363,2018
28763,363,2020
28435,362,2019
27252,361,2017
27820,361,2021
27845,361,2017
27888,361,2017
28395,361,2019
28618,361,2021
27897,360,2019
28395,360,2016
28729,360,2021
27356,359,2020
28423,359,2018
28689,359,2021
28743,359,2018
27845,358,2021
27252,357,2018
28133,357,2021
28669,357,2019
27355,356,2018
28395,356,2018
28423,356,2020
28450,356,2017
28669,356,2021
28709,356,2016
27281,355,2017
27981,355,2021
28468,355,2019
28526,355,2016
28743,355,2019
27355,354,2021
28373,353,2021
28790,353,2021
27888,352,2018
28450,352,2019
28905,352,2016
28508,351,2021
28525,351,2021
28594,351,2021
28071,350,2018
28091,350,2019
28464,350,2017
28615,350,2020
28665,350,2016
27252,349,2016
27355,349,2019
27820,349,2016
27959,349,2020
28071,349,2017
28468,349,2018
28763,349,2019
27806,348,2016
27820,348,2020
27925,347,2021
28385,347,2017
28395,347,2020
28450,347,2018
27919,346,2020
28669,346,2016
27053,344,2018
27812,344,2016
28167,344,2018
28729,344,2020
27503,343,2017
27024,341,2021
27053,341,2017
27924,341,2021
28526,341,2018
27897,340,2017
28385,340,2016
28435,340,2017
28743,340,2017
28626,339,2017
27305,338,2018
27831,338,2018
27865,338,2021
27812,337,2019
28468,337,2016
28512,337,2016
28665,337,2020
27865,336,2019
27878,336,2017
28660,336,2017
27814,334,2019
27953,334,2016
27806,333,2020
27897,333,2018
27503,332,2020
28430,332,2018
28430,332,2020
28741,332,2016
28763,332,2016
27959,331,2021
28684,331,2020
27935,330,2019
28729,330,2018
28751,329,2016
27305,328,2019
28529,328,2019
28573,328,2016
27812,327,2018
27311,326,2020
27824,326,2017
27970,326,2018
28617,326,2018
28618,326,2020
27007,324,2016
27709,324,2019
28432,324,2018
28773,324,2019
28396,323,2021
28669,323,2018
28626,321,2016
28689,321,2019
27009,320,2018
27503,320,2016
27808,320,2020
27865,320,2018
28747,320,2016
27820,319,2018
28071,319,2016
28369,319,2021
28529,318,2020
28660,318,2021
28751,318,2018
27009,317,2017
27709,317,2020
27709,317,2021
27806,317,2021
27824,317,2018
27824,317,2019
28399,317,2017
28480,317,2021
27709,315,2017
28480,315,2019
27355,314,2020
27559,314,2017
27929,314,2021
28747,314,2018
28071,313,2019
28430,313,2019
28654,313,2018
28349,312,2018
28399,312,2020
27311,311,2021
27314,311,2018
28515,311,2017
28617,311,2019
28635,311,2019
28637,311,2016
28617,310,2021
28709,310,2021
28729,310,2019
28747,310,2021
28133,309,2019
28343,309,2021
28512,309,2018
28679,309,2017
28747,309,2020
28773,309,2020
27054,308,2021
28167,308,2019
28430,308,2021
28742,308,2018
27305,307,2016
27305,307,2017
27897,307,2021
27947,307,2016
28395,307,2021
28741,307,2017
28751,307,2017
27980,306,2016
28447,305,2018
28660,305,2020
28444,304,2019
28573,304,2017
28615,304,2016
28741,303,2018
28747,303,2019
27046,302,2021
27508,302,2021
27920,302,2020
28438,302,2017
27878,301,2016
28091,301,2017
28622,301,2018
28624,301,2016
28773,301,2018
28637,300,2017
27812,299,2017
27252,298,2019
27541,298,2021
27814,298,2017
27814,298,2018
28538,298,2019
28741,298,2019
27950,297,2020
28006,297,2016
28905,297,2017
27808,296,2016
27929,296,2020
28531,296,2020
28726,296,2016
27869,295,2016
27935,295,2016
27979,295,2016
28435,295,2021
28480,295,2020
28649,295,2016
27314,294,2020
27981,294,2018
28020,294,2018
28423,294,2021
28515,294,2019
28615,294,2017
27242,293,2018
28444,293,2021
28538,293,2017
28399,292,2018
28468,292,2021
28529,292,2018
28622,292,2019
28464,291,2016
27231,290,2021
28430,290,2016
28515,290,2016
27806,289,2019
27981,289,2017
28349,289,2019
28741,289,2021
27242,288,2019
27816,288,2017
28310,288,2016
28783,288,2016
27935,287,2020
28119,287,2018
27917,286,2017
28399,286,2019
28654,286,2021
28679,286,2016
28701,286,2016
27849,285,2018
27814,284,2021
27816,284,2016
28447,284,2019
28742,284,2017
28746,284,2021
27559,283,2019
27849,283,2016
28430,283,2017
28617,283,2020
27016,282,2021
27559,282,2020
28438,282,2018
28468,282,2020
28515,282,2018
28626,282,2018
28685,282,2021
27845,281,2016
27935,281,2018
28436,281,2019
28622,281,2021
28660,281,2019
27974,280,2020
28679,280,2018
28689,280,2018
28783,280,2019
27046,279,2016
27507,279,2020
27709,279,2016
28133,279,2018
28447,279,2017
28747,279,2017
27559,278,2016
28436,278,2020
27242,277,2020
27970,277,2019
28438,277,2016
27242,276,2017
27816,276,2018
28742,276,2016
27046,275,2017
27208,275,2021
27231,275,2020
27820,275,2019
28091,275,2018
28637,275,2018
28701,275,2017
27935,274,2021
28436,274,2021
28438,274,2019
28512,274,2017
28385,273,2019
27926,271,2016
28447,271,2020
27553,270,2019
27981,270,2019
28526,270,2019
28746,270,2020
28133,269,2017
27860,268,2020
28395,268,2017
28435,268,2020
28665,267,2018
28783,267,2018
27559,266,2018
28615,266,2018
27926,265,2017
27947,265,2017
28435,265,2018
28573,265,2020
28693,265,2017
28741,265,2020
28773,265,2021
27009,264,2016
27314,264,2021
28615,264,2021
27231,263,2017
27808,263,2019
28573,263,2018
28626,263,2019
27305,262,2021
28582,262,2016
27551,261,2016
27562,261,2016
28619,261,2017
28619,261,2019
28637,261,2019
27808,260,2021
27920,260,2021
28119,260,2020
28393,260,2017
28438,259,2020
28582,259,2021
28455,258,2017
28573,258,2021
28615,258,2019
28665,258,2019
27231,257,2019
27242,257,2016
28343,257,2016
28515,257,2021
27053,256,2016
27315,256,2017
28101,256,2020
28109,255,2021
28444,255,2020
28665,255,2017
28783,255,2017
28512,254,2019
28669,254,2017
27046,253,2018
27562,253,2019
27947,253,2018
28698,253,2017
27231,252,2018
27315,252,2020
27507,252,2019
28447,252,2016
28515,252,2020
28606,252,2018
27315,250,2016
28133,250,2016
28619,250,2016
27046,249,2019
27709,249,2018
28363,249,2020
27816,248,2019
28167,248,2021
27935,247,2017
28455,247,2018
28740,247,2016
27818,246,2019
28442,246,2017
27507,245,2018
27559,245,2021
27878,245,2020
28020,245,2017
28512,245,2020
28442,244,2018
28512,244,2021
28573,244,2019
28644,244,2020
27208,243,2018
28347,243,2018
27849,242,2020
27926,242,2019
28119,242,2019
28606,242,2017
27814,241,2020
27860,241,2016
28091,241,2021
28421,241,2021
28619,241,2018
28660,241,2018
27047,240,2019
27212,240,2019
27818,240,2020
28399,240,2021
27046,239,2020
27953,239,2017
28091,239,2016
28393,239,2018
28393,239,2019
28679,239,2019
27981,238,2016
28072,238,2021
28685,238,2017
27808,237,2018
28442,237,2016
28783,237,2020
27926,236,2018
28526,236,2020
28637,236,2020
28449,235,2020
28526,235,2021
28533,235,2021
28538,235,2018
27231,234,2016
27551,234,2017
28683,234,2016
27832,233,2020
27917,233,2020
28531,233,2021
27047,232,2020
27917,232,2016
28435,232,2016
28698,232,2018
27016,231,2020
27252,231,2020
27849,231,2019
27928,231,2021
28693,231,2018
28347,230,2017
28637,230,2021
27343,229,2020
27305,228,2020
27929,228,2019
28447,228,2021
28783,228,2021
28698,227,2016
27016,226,2016
27551,226,2018
27884,226,2020
27926,226,2020
28006,226,2017
28393,226,2021
28452,226,2016
27814,225,2016
27824,225,2020
27979,225,2017
28347,225,2016
27897,224,2016
28101,224,2019
28347,224,2021
28385,224,2020
28622,224,2017
28644,224,2019
28685,224,2016
27208,223,2016
27553,223,2021
28167,223,2020
28343,223,2020
28363,223,2021
28421,223,2020
28421,222,2019
28611,222,2016
28622,222,2016
27212,221,2021
27928,221,2019
27986,221,2016
27884,220,2018
27885,220,2020
28009,220,2017
28531,220,2017
28533,220,2017
27208,219,2019
27884,219,2017
27928,219,2017
27980,219,2021
27562,218,2017
27953,218,2018
28436,218,2018
28450,218,2020
28072,217,2018
28685,217,2020
27869,216,2018
28746,216,2019
28449,215,2021
28531,215,2016
27212,214,2018
28006,214,2020
27047,213,2018
27808,213,2017
28347,213,2019
28529,213,2021
28627,213,2021
28684,213,2021
27047,211,2021
27551,211,2021
28101,211,2021
28531,211,2018
28685,211,2018
27869,210,2017
27917,210,2018
27947,210,2019
28347,210,2020
28363,210,2018
28393,210,2020
28444,210,2016
28527,210,2016
28531,210,2019
27314,209,2017
27849,209,2017
28006,209,2018
27568,208,2021
27860,208,2018
27919,208,2019
27920,208,2017
27986,208,2017
28009,207,2016
28009,207,2018
28698,207,2021
27878,206,2021
28444,206,2018
28571,206,2016
28644,206,2021
28363,205,2019
27242,204,2021
27315,204,2019
27562,203,2018
28343,203,2017
27315,202,2021
27928,202,2016
28452,202,2018
28542,202,2021
28693,202,2019
27252,201,2021
27315,201,2018
27920,201,2019
28119,201,2021
28450,201,2021
27208,200,2020
28436,200,2016
28436,200,2017
27920,199,2016
27974,199,2021
28683,199,2017
27819,198,2020
27014,197,2019
27923,197,2019
27885,196,2021
28533,196,2020
28606,196,2021
28627,196,2016
27208,195,2017
28533,195,2018
28571,195,2018
28902,195,2021
27291,194,2017
27829,194,2016
27980,194,2020
28009,194,2019
28510,194,2018
28627,194,2019
27928,193,2020
27022,192,2020
27929,192,2018
27938,192,2018
28606,192,2016
28698,192,2019
28717,192,2019
27979,191,2020
27980,191,2017
27507,190,2021
27986,190,2019
28392,190,2016
27014,189,2020
27926,189,2021
27950,189,2017
27973,189,2016
27974,189,2016
28644,189,2018
28766,189,2019
28909,189,2016
27212,188,2020
27843,188,2016
27884,188,2019
27938,188,2017
27950,188,2016
27974,188,2019
27979,188,2018
28363,188,2016
27950,187,2019
28006,187,2021
28439,187,2020
28623,187,2021
28624,187,2019
27832,186,2021
28527,186,2017
27916,185,2021
28393,185,2016
28746,185,2018
28363,184,2017
28766,184,2018
27014,183,2017
27553,183,2018
27819,183,2021
27979,183,2019
28449,183,2018
28717,183,2016
27919,182,2021
27947,182,2021
27986,182,2018
28683,182,2020
27936,181,2017
28020,181,2016
27014,180,2018
27974,180,2017
28448,180,2016
28510,180,2019
28766,180,2017
28772,180,2020
27860,179,2017
27928,179,2018
28452,179,2017
28693,179,2021
28698,179,2020
27314,178,2019
27343,178,2021
27829,178,2017
27860,178,2019
27885,178,2018
27920,178,2018
28009,178,2020
28101,178,2018
28385,178,2021
28533,178,2019
27551,177,2019
28693,177,2020
27016,176,2017
28449,176,2016
28571,176,2021
28438,175,2021
28772,175,2021
27919,174,2018
28606,174,2019
28622,174,2020
28683,174,2021
28685,174,2019
28781,174,2017
27950,173,2018
28623,173,2017
28623,173,2018
28689,173,2017
27507,172,2017
27508,172,2020
28421,172,2018
28571,172,2020
27551,171,2020
27818,171,2018
27876,171,2018
27885,171,2017
27946,171,2021
27974,171,2018
28449,171,2019
28521,171,2021
28619,171,2020
27343,170,2016
27917,170,2019
27957,170,2016
28781,170,2018
27343,169,2019
27813,169,2018
28343,169,2019
27813,168,2016
27842,168,2020
27980,168,2019
28439,168,2016
28455,168,2016
28772,168,2017
28683,167,2019
28740,167,2017
27919,166,2017
27986,166,2020
28781,166,2016
28902,166,2017
28902,166,2018
27291,165,2018
27813,165,2017
27973,165,2021
27016,164,2019
27047,163,2017
27916,163,2020
27919,163,2016
28439,163,2017
28439,163,2019
28510,163,2017
28909,163,2017
27212,162,2017
27291,162,2016
27876,162,2017
27973,162,2017
28006,162,2019
28510,162,2021
28682,162,2021
27582,161,2018
27857,161,2021
28432,161,2019
27314,160,2016
27829,160,2018
27885,160,2016
27938,160,2019
28432,160,2020
28434,160,2019
28442,160,2019
28902,160,2019
28072,159,2017
28746,159,2017
27212,158,2016
27916,158,2018
27947,158,2020
28439,158,2021
28649,158,2018
28740,158,2021
27343,157,2017
27876,157,2019
27916,157,2017
27986,157,2021
28448,157,2017
28449,157,2017
28623,157,2016
28623,157,2019
28683,157,2018
28717,157,2017
27869,156,2019
27343,155,2018
27936,155,2016
28343,155,2018
28392,155,2018
28434,155,2018
28448,155,2018
28624,155,2018
28624,155,2020
28631,155,2018
27818,154,2017
27885,154,2019
27938,154,2016
28448,154,2019
28627,154,2020
28693,154,2016
27568,153,2017
28077,153,2020
27884,152,2021
28421,152,2017
28432,152,2021
27936,151,2019
27022,150,2019
28452,150,2019
28533,150,2016
27016,149,2018
28332,149,2016
28649,149,2017
28682,149,2019
28717,149,2018
27582,148,2020
27857,148,2020
27866,148,2018
28766,148,2016
27818,147,2016
27876,147,2021
27946,147,2020
27979,147,2021
28109,147,2016
28332,147,2021
28421,147,2016
28444,147,2017
27508,146,2016
27531,146,2017
27973,146,2020
28623,146,2020
27973,145,2018
28072,145,2016
28746,145,2016
27531,144,2020
27531,144,2021
27555,144,2020
27953,144,2019
28109,144,2019
27568,143,2019
27022,142,2021
27876,142,2020
28109,142,2017
28766,142,2020
27818,141,2021
27847,141,2018
27923,141,2020
27957,141,2017
28109,141,2018
28089,140,2017
28611,140,2017
27014,139,2016
27291,139,2021
27582,139,2019
27843,139,2017
28089,139,2018
28556,139,2020
27866,138,2020
28631,138,2019
27843,137,2018
27936,137,2018
28757,137,2021
28772,137,2016
27553,136,2017
27568,136,2018
27847,135,2017
28510,135,2016
28571,135,2017
28902,135,2020
27014,134,2021
27568,134,2020
27946,134,2018
27813,133,2020
27847,133,2021
28434,133,2016
28439,133,2018
28682,133,2020
28909,133,2019
27813,132,2019
27829,132,2019
28089,132,2019
28392,132,2021
28527,132,2021
27553,131,2016
27568,131,2016
27842,131,2021
27849,131,2021
28089,131,2020
27507,130,2016
27938,129,2021
28308,129,2021
28527,129,2018
27869,128,2021
27980,128,2018
28109,128,2020
28606,128,2020
28627,128,2017
28631,128,2020
28772,128,2018
27291,127,2019
27866,127,2019
28330,126,2016
28434,126,2017
28434,125,2020
28556,125,2021
28009,124,2021
28101,124,2017
28442,124,2020
28682,124,2018
27555,123,2016
28308,123,2018
28392,123,2019
28717,123,2020
28717,123,2021
27555,122,2017
27813,122,2021
27829,122,2021
27876,122,2016
27953,122,2020
27047,121,2016
27531,121,2018
27916,121,2019
27960,121,2020
28527,121,2020
28781,121,2020
27857,120,2018
27946,120,2019
28556,120,2016
28556,120,2017
28644,120,2017
28772,120,2019
27847,119,2020
27957,119,2018
27973,119,2019
28666,119,2016
28766,119,2021
28628,118,2020
28663,118,2017
27923,117,2018
27929,117,2017
27582,116,2017
27842,116,2018
27938,116,2020
28452,116,2020
28649,116,2021
28902,116,2016
27842,115,2017
27853,115,2018
27936,115,2020
28089,115,2016
27884,114,2016
27957,114,2021
27965,114,2017
28076,114,2017
28089,114,2021
28392,114,2017
28442,114,2021
27860,113,2021
27922,112,2021
27965,112,2016
28624,112,2017
27042,111,2016
27042,111,2019
28627,111,2018
28666,111,2017
27022,110,2016
28077,110,2021
27508,109,2019
27927,109,2020
27956,109,2016
28308,109,2017
28909,109,2018
27847,108,2019
27966,108,2017
28624,108,2021
28611,107,2018
27508,106,2018
27843,106,2019
27965,106,2018
27953,105,2021
28511,105,2016
28511,105,2017
27042,104,2017
27842,104,2016
28077,104,2019
28101,104,2016
28527,104,2019
28671,104,2018
28708,104,2017
28781,104,2019
27853,103,2021
27862,103,2020
28077,103,2017
27555,102,2018
27555,102,2021
27960,102,2016
28077,102,2016
28649,102,2019
27842,101,2019
28524,101,2016
27508,100,2017
27531,100,2019
27824,100,2021
27022,99,2017
27927,99,2021
28628,99,2019
28667,99,2016
27946,98,2017
27964,98,2021
28007,98,2018
28448,98,2021
28631,98,2021
28077,97,2018
28392,97,2020
28007,96,2019
28774,96,2021
27022,95,2018
27847,95,2016
27869,95,2020
27917,95,2021
27946,95,2016
27965,95,2021
28510,95,2020
27857,94,2016
27915,94,2017
27927,94,2019
27936,94,2021
28325,94,2017
28702,94,2016
27966,93,2019
28007,93,2021
28581,93,2019
27857,92,2019
27866,92,2021
27916,92,2016
28325,92,2016
27964,91,2020
27966,91,2021
28579,91,2021
28628,91,2018
28671,91,2016
28781,91,2021
27942,90,2018
28007,90,2017
28325,90,2020
28452,90,2021
28649,90,2020
27956,89,2019
27957,89,2020
28571,89,2019
28667,89,2018
28671,89,2019
28909,89,2020
27291,88,2020
27843,88,2020
28611,88,2019
28448,87,2020
28663,87,2018
28775,87,2019
27923,86,2021
27956,86,2017
27957,86,2019
27964,86,2016
28671,86,2017
27042,85,2018
27873,85,2016
27923,85,2017
27927,85,2016
28007,85,2016
28528,85,2019
28528,85,2020
28740,85,2019
27915,84,2016
27927,84,2018
27966,84,2018
28076,84,2020
28076,84,2021
27555,83,2019
28708,83,2016
27862,82,2019
28708,82,2018
27826,81,2016
27923,81,2016
28511,81,2020
28616,81,2016
28663,81,2021
28689,81,2016
27965,80,2019
28528,80,2018
28628,80,2017
28644,80,2016
28663,80,2020
27922,79,2020
27960,79,2017
27829,77,2020
27853,77,2019
28330,77,2017
28667,77,2019
28702,77,2021
28740,77,2020
27873,76,2018
27964,76,2019
28556,76,2019
28663,76,2016
28774,75,2017
27915,74,2018
27929,74,2016
28325,74,2019
28330,74,2018
28528,74,2016
28556,74,2018
28736,74,2019
28308,73,2019
28332,73,2019
28332,73,2020
28519,73,2019
28528,73,2021
28663,73,2019
28736,73,2017
27956,72,2018
27964,72,2018
28667,72,2017
28775,72,2021
28524,71,2017
28631,71,2017
28646,71,2017
27927,70,2017
28007,70,2020
28736,70,2016
28774,70,2019
27857,69,2017
28325,69,2021
28528,69,2017
28774,69,2018
27862,68,2016
27873,68,2020
27922,68,2016
27964,68,2017
27966,68,2020
28332,68,2018
28519,68,2017
28520,68,2017
28631,68,2016
27256,67,2021
27922,67,2017
27985,67,2019
28511,67,2021
28774,67,2020
27966,66,2016
27821,65,2017
27843,65,2021
27960,65,2018
28628,65,2016
27862,64,2017
27875,64,2019
28332,64,2017
28581,64,2016
28775,64,2020
27879,63,2020
27942,63,2016
28524,63,2019
28646,63,2021
27873,62,2017
27879,62,2019
28667,62,2020
28745,62,2020
28775,62,2017
27879,61,2018
28308,61,2016
28511,61,2019
28519,61,2021
28581,61,2018
28682,61,2017
28718,61,2020
28745,61,2021
27582,60,2021
27960,60,2021
27985,60,2017
28076,60,2016
28511,60,2018
28736,60,2020
27556,59,2020
27556,59,2021
27821,59,2018
27862,59,2018
28702,59,2017
28740,59,2018
28774,59,2016
27879,58,2021
27922,58,2018
27942,58,2019
28520,58,2016
28745,58,2016
28775,58,2016
28646,57,2020
28718,57,2021
27840,56,2017
27866,56,2017
27943,56,2021
28519,56,2018
28524,56,2018
28668,56,2016
27840,55,2016
27840,55,2018
28581,55,2017
28736,55,2021
28745,55,2017
27942,54,2017
28434,54,2021
28577,54,2016
28708,54,2019
28775,54,2018
27531,53,2016
28583,53,2019
27862,52,2021
28519,52,2016
28909,52,2021
27873,51,2019
27875,51,2016
27879,51,2016
27879,51,2017
27978,51,2021
28583,51,2020
27819,50,2019
27866,50,2016
28524,50,2021
28611,50,2020
28611,50,2021
27978,49,2020
28583,49,2018
27853,48,2020
28668,48,2017
28682,48,2016
28702,48,2018
27922,47,2019
27960,47,2019
28524,47,2020
27965,46,2020
27985,46,2016
27969,45,2021
28308,45,2020
28342,45,2021
28577,45,2017
28735,45,2020
27351,44,2021
27873,44,2021
27985,44,2020
28325,44,2018
28646,44,2018
28042,43,2021
28616,43,2017
28616,43,2018
27872,42,2019
27956,42,2020
28519,42,2020
28667,42,2021
28735,42,2021
27819,41,2018
27875,41,2018
27942,41,2020
27972,41,2017
28579,41,2020
28583,41,2017
27985,40,2018
28076,40,2019
28108,40,2019
28579,40,2019
28668,40,2019
27819,39,2017
28375,39,2021
28652,39,2021
27853,38,2016
28076,38,2018
28702,38,2019
27556,37,2019
27972,37,2016
28577,37,2018
28702,37,2020
27821,36,2016
27972,36,2021
28169,36,2021
28367,36,2020
28575,36,2016
28587,36,2018
28668,36,2018
28707,36,2021
28720,36,2021
28745,36,2019
27915,35,2019
27915,35,2020
27915,35,2021
28575,35,2017
28587,35,2019
28646,35,2016
28735,35,2019
27340,34,2016
27340,34,2017
27340,34,2018
27340,34,2019
27340,34,2020
27340,34,2021
27840,34,2019
28169,34,2019
28342,34,2018
28577,34,2020
28646,34,2019
27941,33,2017
27967,33,2016
28169,33,2020
28342,33,2016
28367,33,2019
28577,33,2019
28579,33,2016
28652,33,2016
28652,33,2017
28652,33,2018
28652,33,2019
28652,33,2020
28707,33,2019
28745,33,2018
27556,32,2018
27943,32,2016
28367,32,2021
28575,32,2018
27872,31,2017
27941,31,2021
28579,31,2017
28587,31,2016
27942,30,2021
28537,30,2018
27259,29,2021
27875,29,2017
28342,29,2019
28583,29,2016
28589,29,2016
28647,29,2016
27821,28,2019
27943,28,2020
27967,28,2018
28537,28,2016
28552,28,2016
28552,28,2017
28554,28,2016
28577,28,2021
28589,28,2017
28589,28,2020
28668,28,2020
28671,28,2021
28672,28,2021
28720,28,2020
27968,27,2020
27978,27,2019
27982,27,2016
27982,27,2017
27982,27,2018
27982,27,2019
27982,27,2020
27982,27,2021
28520,27,2018
28537,27,2017
28553,27,2016
28619,27,2021
27872,26,2016
27872,26,2018
28108,26,2018
28342,26,2020
28707,26,2020
28735,26,2017
28736,26,2018
27819,25,2016
27872,25,2020
27875,25,2020
27875,25,2021
27941,25,2016
28375,25,2020
28552,25,2020
28589,25,2018
28666,25,2019
28666,25,2020
28666,25,2021
28708,25,2021
27881,24,2018
27881,24,2019
27967,24,2017
28169,24,2016
28342,24,2017
28375,24,2019
28672,24,2016
28672,24,2017
28672,24,2018
28672,24,2019
28672,24,2020
27201,23,2017
27201,23,2018
27967,23,2019
27967,23,2020
27967,23,2021
28108,23,2016
28735,23,2016
27201,22,2016
27821,22,2020
27825,22,2020
27840,22,2021
27941,22,2019
27943,22,2019
27968,22,2016
27968,22,2017
27968,22,2018
28587,22,2021
27825,21,2021
27840,21,2020
27853,21,2017
27881,21,2017
27941,21,2020
27985,21,2021
28108,21,2020
28108,21,2021
28169,21,2018
28552,21,2018
28587,21,2017
28616,21,2020
28707,21,2017
28718,21,2017
28552,20,2019
28647,20,2017
28664,20,2021
28718,20,2016
28725,20,2021
27533,19,2021
27956,19,2021
27978,19,2018
28575,19,2019
28581,19,2020
28788,19,2021
27941,18,2018
28587,18,2020
27582,17,2016
27826,17,2017
27826,17,2018
28367,17,2018
28666,17,2018
28671,17,2020
27821,16,2021
27872,16,2021
28552,16,2021
28554,16,2020
27342,15,2021
28375,15,2018
28707,15,2016
28707,15,2018
28720,15,2019
27374,14,2021
28367,14,2016
27827,13,2017
27968,13,2019
27968,13,2021
28616,13,2019
28708,13,2020
27556,12,2016
27556,12,2017
27827,12,2021
27881,12,2016
28102,12,2019
28169,12,2017
28553,12,2017
28720,12,2018
27972,11,2019
28553,11,2018
28735,11,2018
27042,10,2020
27861,10,2021
27943,10,2018
28102,10,2020
28359,10,2021
28537,10,2020
28575,10,2021
28616,10,2021
27827,9,2018
27827,9,2019
27827,9,2020
27861,9,2016
27881,9,2020
27881,9,2021
27943,9,2017
27972,9,2020
28102,9,2021
28375,9,2017
28424,9,2017
28424,9,2018
28424,9,2019
28553,9,2019
28553,9,2020
28581,9,2021
28589,9,2019
27201,8,2021
27861,8,2018
27861,8,2020
28424,8,2020
28520,8,2021
28554,8,2017
27042,7,2021
27826,7,2019
27841,7,2016
27841,7,2019
27861,7,2019
28108,7,2017
28350,7,2016
28350,7,2017
28375,7,2016
28424,7,2021
28537,7,2019
28553,7,2021
28554,7,2018
28554,7,2019
28641,7,2021
28718,7,2018
28718,7,2019
28733,7,2019
28102,6,2016
28554,6,2021
28575,6,2020
28720,6,2017
28757,6,2016
28757,6,2017
28757,6,2018
28757,6,2019
28757,6,2020
27861,5,2017
27978,5,2016
28331,5,2021
28579,5,2018
28628,5,2021
28647,5,2018
28647,5,2019
28647,5,2020
28725,5,2016
28725,5,2017
28725,5,2018
28725,5,2019
28733,5,2020
27978,4,2017
28102,4,2018
28350,4,2018
28350,4,2019
28350,4,2020
28350,4,2021
28367,4,2017
28520,4,2019
28720,4,2016
28725,4,2020
28733,4,2021
27201,3,2020
27825,3,2016
27825,3,2017
27825,3,2018
27841,3,2020
28362,3,2021
28424,3,2016
27201,2,2019
27826,2,2020
27826,2,2021
27827,2,2016
27841,2,2018
27841,2,2021
28136,2,2021
28520,2,2020
28668,2,2021
27825,1,2019
27841,1,2017
27202,1,2021
27213,1,2021
27247,1,2021
27570,1,2021
27584,1,2021
27593,1,2021
27594,1,2021
27599,1,2021
27697,1,2021
27815,1,2021
27877,1,2021
27972,1,2018
28019,1,2016
28019,1,2017
28019,1,2018
28019,1,2019
28019,1,2020
28019,1,2021
28039,1,2016
28039,1,2017
28039,1,2018
28039,1,2019
28039,1,2020
28039,1,2021
28102,1,2017
28244,1,2016
28244,1,2017
28244,1,2018
28244,1,2019
28244,1,2020
28244,1,2021
28280,1,2016
28280,1,2017
28280,1,2018
28280,1,2019
28280,1,2020
28280,1,2021
28282,1,2016
28282,1,2017
28282,1,2018
28282,1,2019
28282,1,2020
28282,1,2021
28330,1,2019
28330,1,2020
28330,1,2021
28355,1,2021
28368,1,2021
28378,1,2021
28537,1,2021
28589,1,2021
28629,1,2016
28629,1,2017
28629,1,2018
28629,1,2019
28629,1,2020
28629,1,2021
28662,1,2016
28662,1,2017
28662,1,2018
28662,1,2019
28662,1,2020
28662,1,2021
28710,1,2021
28733,1,2016
28733,1,2017
28733,1,2018
28749,1,2016
28749,1,2017
28749,1,2018
28749,1,2019
28749,1,2020
28749,1,2021
28755,1,2021
28770,1,2021
